survived,title,surname,first name,sex,age,department,position,boarded,lifeboat,body,home
1,Mr.,Anderson,James,male,40.0,Deck,Able Seaman,S,16,,"Southampton, Hampshire, England"
1,Mr.,Anderson,John,male,41.0,Deck,Able Seaman,S,16,,"Southampton, Hampshire, England"
1,Mr.,Archer,Ernest,male,36.0,Deck,Able Seaman,S,3,,"Southampton, Hampshire, England"
1,Mr.,Bailey,Joseph,male,43.0,Deck,Master-at-arms,S,16,,"Southampton, Hampshire, England"
0,Mr.,Bradley,T.,male,29.0,Deck,Able Seaman,S,,,"Southampton, Hampshire, England"
1,Mr.,Brice,Walter,male,42.0,Deck,Able Seaman,S,11,,"Southampton, Hampshire, England"
1,Mr.,Bright,Arthur,male,41.0,Deck,Quartermaster,S,D,,"Woolston, Hampshire, England"
1,Mr.,Buley,Edward,male,27.0,Deck,Able Seaman,S,10,,"Southampton, Hampshire, England"
1,Mr.,Clench,Frederick,male,34.0,Deck,Able Seaman,S,12,,"Southampton, Hampshire, England"
0,Mr.,Clench,George,male,31.0,Deck,Able Seaman,S,,,"Southampton, Hampshire, England"
0,Mr.,Couch,Frank,male,28.0,Deck,Able Seaman,S,,253.0,"Port Isaac, Cornwall"
0,Mr.,Davis,Stephen,male,39.0,Deck,Able Seaman,S,,,"Landport, Hampshire, England"
1,Mr.,Evans,Alfred,male,24.0,Deck,Lookout,S,15,,"Southampton, Hampshire, England"
1,Mr.,Evans,Frank,male,24.0,Deck,Able Seaman,S,10,,"Southampton, Hampshire, England"
1,Mr.,Fleet,Frederick,male,24.0,Deck,Lookout,B,6,,"Southampton, Hampshire, England"
1,Mr.,Foley,John,male,44.0,Deck,Storekeeper,B,4,,"Southampton, Hampshire, England"
1,Mr.,Forward,James,male,27.0,Deck,Able Seaman,S,16,,"Southampton, Hampshire, England"
1,Mr.,Haines,Albert,male,31.0,Deck,Boatswain,B,9,,"Southampton, Hampshire, England"
1,Mr.,Harder,William,male,39.0,Deck,Window Cleaner,S,14,,"Southampton, Hampshire, England"
1,Mr.,Hemming,Samuel,male,43.0,Deck,Lamp Trimmer,B,4,,"Southampton, Hampshire, England"
1,Mr.,Hichens,Robert,male,29.0,Deck,Quartermaster,S,6,,"Southampton, Hampshire, England"
1,Mr.,Hogg,George,male,29.0,Deck,Lookout,B,7,,"Southampton, Hampshire, England"
1,Mr.,Holman,Harry,male,27.0,Deck,Able Seaman,B,7,,"Southampton, Hampshire, England"
1,Mr.,Hopkins,Robert,male,40.0,Deck,Able Seaman,S,13,,"Southampton, Hampshire, England"
1,Mr.,Horswill,Albert,male,33.0,Deck,Able Seaman,S,1,,"Southampton, Hampshire, England"
1,Mr.,Humphreys,Sidney,male,48.0,Deck,Quartermaster,S,11,,"Southampton, Hampshire, England"
0,Mr.,Hutchinson,John,male,26.0,Deck,Carpenter/Joiner,B,,170.0,"Southampton, Hampshire, England"
1,Mr.,Jewell,Archie,male,23.0,Deck,Lookout,B,7,,"Southampton, Hampshire, England"
1,Mr.,Jones,Thomas,male,32.0,Deck,Able Seaman,S,8,,"Liverpool, Lancashire, England"
0,Mr.,King,Thomas,male,43.0,Deck,Master-at-arms,S,,,"Portsmouth, Hampshire, England"
1,Mr.,Lee,Reginald,male,41.0,Deck,Lookout,S,13,,"Southampton, Hampshire, England"
1,Mr.,Lucas,William,male,25.0,Deck,Able Seaman,S,D,,"Southampton, Hampshire, England"
1,Mr.,Lyons,William,male,26.0,Deck,Able Seaman,S,4,,"Southampton, Hampshire, England"
0,Mr.,Mathais,Montague,male,27.0,Deck,Mess Steward,S,,,"Southampton, Hampshire, England"
0,Mr.,Matherson,David,male,30.0,Deck,Able Seaman,S,,192.0,"Southampton, Hampshire, England"
0,Mr.,Maxwell,John,male,31.0,Deck,Carpenter/Joiner,B,,,"Southampton, Hampshire, England"
1,Mr.,McCarthy,William,male,47.0,Deck,Able Seaman,S,4,,"Cork, County Cork, Ireland"
1,Mr.,McGough,James,male,25.0,Deck,Able Seaman,S,9,,"Southampton, Hampshire, England"
1,Mr.,Moore,George,male,32.0,Deck,Able Seaman,S,3,,"Southampton, Hampshire, England"
0,Mr.,Nichols,Alfred,male,42.0,Deck,Boatswain,B,,,"Shirley, Hampshire, England"
0,Dr.,O'Loughlin,William,male,62.0,Deck,Surgeon,B,,,"Southampton, Hampshire, England"
1,Mr.,Olliver,Alfred,male,27.0,Deck,Quartermaster,B,5,,"Southampton, Hampshire, England"
1,Mr.,Osman,Frank,male,28.0,Deck,Able Seaman,S,2,,"Itchen, Hampshire, England"
1,Mr.,Pascoe,Charles,male,43.0,Deck,Able Seaman,S,8,,"Southampton, Hampshire, England"
1,Mr.,Perkis,Walter,male,37.0,Deck,Quartermaster,B,4,,"Southampton, Hampshire, England"
1,Mr.,Peters,William,male,26.0,Deck,Able Seaman,S,9,,"Woolston, Hampshire, England"
1,Mr.,Poingdestre,John,male,33.0,Deck,Able Seaman,S,12,,"Southampton, Hampshire, England"
1,Mr.,Rowe,George,male,32.0,Deck,Quartermaster,B,C,,"Gosport, Hampshire, England"
0,Mr.,Sawyer,Robert,male,30.0,Deck,Window Cleaner,S,,,"Southampton, Hampshire, England"
1,Mr.,Scarrott,Joseph,male,33.0,Deck,Able Seaman,S,14,,"Southampton, Hampshire, England"
0,Dr.,Simpson,John,male,37.0,Deck,Assistant Surgeon,S,,,"Southampton, Hampshire, England"
0,Mr.,Smith,William,male,26.0,Deck,Able Seaman,S,,,"Southampton, Hampshire, England"
1,Mr.,Symons,George,male,24.0,Deck,Lookout,S,1,,"Southampton, Hampshire, England"
0,Mr.,Tamlyn,Frederick,male,23.0,Deck,Mess Steward,S,,123.0,"Southampton, Hampshire, England"
0,Mr.,Taylor,C.,male,35.0,Deck,Able Seaman,S,,,"Southampton, Hampshire, England"
0,Mr.,Terrell,Bertram,male,20.0,Deck,Able Seaman,S,,,"Southampton, Hampshire, England"
1,Mr.,Vigott,Philip,male,32.0,Deck,Able Seaman,S,13,,"Southampton, Hampshire, England"
1,Mr.,Weller,William,male,30.0,Deck,Able Seaman,B,7,,"Southampton, Hampshire, England"
1,Mr.,Wynn,Walter,male,41.0,Deck,Quartermaster,B,9,,"Shirley, Hampshire, England"
0,Mr.,Abrams,William,male,34.0,Engineering,Fireman/Stoker,S,,,"Southampton, Hampshire, England"
0,Mr.,Adams,Robert,male,26.0,Engineering,Fireman/Stoker,S,,,"Southampton, Hampshire, England"
1,Mr.,Allen,Ernest,male,24.0,Engineering,Trimmer,S,B,,"Southampton, Hampshire, England"
0,Mr.,Allen,Henry,male,30.0,Engineering,Fireman/Stoker,S,,145.0,"Southampton, Hampshire, England"
0,Mr.,Allsop,Alfred,male,34.0,Engineering,Electrician,B,,,"Southampton, Hampshire, England"
1,Mr.,Avery,James,male,22.0,Engineering,Trimmer,S,15,,"Southampton, Hampshire, England"
0,Mr.,Bailey,George,male,46.0,Engineering,Fireman/Stoker,S,,,"Woolston, Hampshire, England"
0,Mr.,Baines,Richard,male,24.0,Engineering,Greaser,S,,,"Southampton, Hampshire, England"
0,Mr.,Bannon,John,male,32.0,Engineering,Greaser,S,,,"Southampton, Hampshire, England"
0,Mr.,Barlow,Charles,male,30.0,Engineering,Fireman/Stoker,S,,,"Southampton, Hampshire, England"
0,Mr.,Barnes,Charles,male,29.0,Engineering,Fireman/Stoker,S,,,"Southampton, Hampshire, England"
0,Mr.,Barnes,Frederick,male,29.0,Engineering,Fireman/Stoker,S,,,"Woolston, Hampshire, England"
0,Mr.,Barrett,Frederick,male,33.0,Engineering,Fireman/Stoker,S,,,"Southampton, Hampshire, England"
1,Mr.,Barrett,Frederick,male,28.0,Engineering,Leading Fireman,S,13,,"Southampton, Hampshire, England"
0,Mr.,Beattie,Joseph,male,34.0,Engineering,Greaser,B,,,"Southampton, Hampshire, England"
1,Mr.,Beauchamp,George,male,24.0,Engineering,Fireman/Stoker,S,13,,"Southampton, Hampshire, England"
0,Mr.,Bell,Joseph,male,50.0,Engineering,Chief Engineer,B,,,"Southampton, Hampshire, England"
0,Mr.,Bendell,Frank,male,24.0,Engineering,Fireman/Stoker,S,,,"Southampton, Hampshire, England"
0,Mr.,Bennett,George,male,30.0,Engineering,Fireman/Stoker,S,,,"Southampton, Hampshire, England"
0,Mr.,Benville,Edward,male,42.0,Engineering,Fireman/Stoker,S,,,"Southampton, Hampshire, England"
0,Mr.,Bessant,William,male,39.0,Engineering,Fireman/Stoker,S,,,"Southampton, Hampshire, England"
0,Mr.,Bevis,Joseph,male,22.0,Engineering,Trimmer,S,,,"Southampton, Hampshire, England"
0,Mr.,Biddlecombe,Charles,male,33.0,Engineering,Fireman/Stoker,S,,,"Southampton, Hampshire, England"
0,Mr.,Biggs,Edward,male,21.0,Engineering,Fireman/Stoker,S,,,"Southampton, Hampshire, England"
0,Mr.,Billow,James,male,20.0,Engineering,Trimmer,S,,,"Southampton, Hampshire, England"
1,Mr.,Binstead,Walter,male,19.0,Engineering,Trimmer,S,3,,"Southampton, Hampshire, England"
0,Mr.,Black,Alexander,male,28.0,Engineering,Fireman/Stoker,S,,,"Southampton, Hampshire, England"
0,Mr.,Black,D.,male,41.0,Engineering,Fireman/Stoker,S,,,"Southampton, Hampshire, England"
0,Mr.,Blackman,Albert,male,23.0,Engineering,Fireman/Stoker,S,,,"Southampton, Hampshire, England"
1,Mr.,Blake,Percival,male,22.0,Engineering,Trimmer,S,15,,"Southampton, Hampshire, England"
0,Mr.,Blake,Seaton,male,26.0,Engineering,Mess Steward,S,,,"Southampton, Hampshire, England"
0,Mr.,Blake,Thomas,male,36.0,Engineering,Fireman/Stoker,S,,,"Southampton, Hampshire, England"
0,Mr.,Blaney,James,male,29.0,Engineering,Fireman/Stoker,S,,,"Southampton, Hampshire, England"
0,Mr.,Blann,Eustace,male,21.0,Engineering,Fireman/Stoker,S,,,"Southampton, Hampshire, England"
0,Mr.,Bott,W.,male,44.0,Engineering,Greaser,S,,,"Southampton, Hampshire, England"
0,Mr.,Bradley,Patrick,male,39.0,Engineering,Fireman/Stoker,S,,,"Southampton, Hampshire, England"
0,Mr.,Brewer,Henry,male,30.0,Engineering,Trimmer,S,,,"Southampton, Hampshire, England"
0,Mr.,Briant,Albert,male,34.0,Engineering,Greaser,S,,,"Southampton, Hampshire, England"
0,Mr.,Brooks,J.,male,25.0,Engineering,Trimmer,S,,,"Southampton, Hampshire, England"
0,Mr.,Brown,John,male,25.0,Engineering,Fireman/Stoker,S,,267.0,"Southampton, Hampshire, England"
0,Mr.,Brown,Joseph,male,25.0,Engineering,Fireman/Stoker,S,,,"Eastleigh, Hampshire, England"
0,Mr.,Burroughs,Arthur,male,35.0,Engineering,Fireman/Stoker,S,,,"Southampton, Hampshire, England"
0,Mr.,Burton,Edward,male,32.0,Engineering,Fireman/Stoker,S,,,"Southampton, Hampshire, England"
0,Mr.,Butt,William,male,30.0,Engineering,Fireman/Stoker,S,,77.0,"Freemantle, Hampshire, England"
0,Mr.,Calderwood,Hugh,male,30.0,Engineering,Trimmer,B,,,"Belfast, Ireland"
0,Mr.,Canner,J.,male,40.0,Engineering,Fireman/Stoker,S,,,"Woolston, Hampshire, England"
0,Mr.,Carr,Richard,male,37.0,Engineering,Trimmer,S,,,"Southampton, Hampshire, England"
0,Mr.,Carter,James,male,46.0,Engineering,Fireman/Stoker,S,,,"Southampton, Hampshire, England"
0,Mr.,Casey,T.,male,28.0,Engineering,Trimmer,S,,,"Southampton, Hampshire, England"
0,Mr.,Castleman,Edward,male,37.0,Engineering,Greaser,S,,78.0,"Southampton, Hampshire, England"
1,Mr.,Cavell,George,male,22.0,Engineering,Trimmer,S,15,,"Sholing Hampshire, England"
0,Mr.,Cherrett,William,male,24.0,Engineering,Fireman/Stoker,S,,,"Southampton, Hampshire, England"
0,Mr.,Chisnall,George,male,36.0,Engineering,Boilermaker,B,,111.0,"Itchen, Hampshire, England"
0,Mr.,Chorley,John,male,25.0,Engineering,Fireman/Stoker,S,,,"Southampton, Hampshire, England"
1,Mr.,Clark,William,male,39.0,Engineering,Fireman/Stoker,S,15,,"Southampton, Hampshire, England"
0,Mr.,Coe,Harry,male,21.0,Engineering,Trimmer,S,,,"Southampton, Hampshire, England"
0,Mr.,Coleman,John,male,57.0,Engineering,Mess Steward,B,,,"Southampton, Hampshire, England"
1,Mr.,Collins,Samuel,male,35.0,Engineering,Fireman/Stoker,S,1,,"Southampton, Hampshire, England"
1,Mr.,Combes,George,male,21.0,Engineering,Fireman/Stoker,S,3,,"Southampton, Hampshire, England"
0,Mr.,Cooper,Harry,male,26.0,Engineering,Fireman/Stoker,S,,,"Southampton, Hampshire, England"
0,Mr.,Cooper,James,male,25.0,Engineering,Trimmer,S,,,"Southampton, Hampshire, England"
0,Mr.,Copperthwaite,B.,male,22.0,Engineering,Trimmer,S,,,"Southampton, Hampshire, England"
0,Mr.,Corcoran,Dennis,male,33.0,Engineering,Fireman/Stoker,S,,,"Southampton, Hampshire, England"
0,Mr.,Cotton,A.,male,26.0,Engineering,Trimmer,S,,,"Southampton, Hampshire, England"
0,Mr.,Couch,Joseph,male,45.0,Engineering,Greaser,S,,,"Southampton, Hampshire, England"
1,Mr.,Couper,Robert,male,30.0,Engineering,Fireman/Stoker,S,3,,"Southampton, Hampshire, England"
0,Mr.,Coy,Francis,male,26.0,Engineering,Junior Assistant 3rd Engineer,S,,,"Southampton, Hampshire, England"
0,Mr.,Crabb,H.,male,23.0,Engineering,Trimmer,S,,,"Southampton, Hampshire, England"
0,Mr.,Creese,Henry,male,44.0,Engineering,Deck Engineer,B,,,"Southampton, Hampshire, England"
1,Mr.,Crimmins,James,male,21.0,Engineering,Fireman/Stoker,S,13,,"Southampton, Hampshire, England"
0,Mr.,Cross,W.,male,39.0,Engineering,Fireman/Stoker,S,,,"Southampton, Hampshire, England"
0,Mr.,Cunningham,B.,male,30.0,Engineering,Fireman/Stoker,S,,,"Southampton, Hampshire, England"
0,Mr.,Curtis,Arthur,male,25.0,Engineering,Fireman/Stoker,S,,,"Southampton, Hampshire, England"
0,Mr.,Davies,Thomas,male,33.0,Engineering,Leading Fireman,S,,,"Southampton, Hampshire, England"
0,Mr.,Dawson,Joseph[16],male,23.0,Engineering,Trimmer,S,,227.0,"Dublin, Ireland"
1,Mr.,Diaper,John,male,25.0,Engineering,Fireman/Stoker,S,,,"Southampton, Hampshire, England"
0,Mr.,Dickson,W.,male,36.0,Engineering,Trimmer,S,,,"Southampton, Hampshire, England"
1,Mr.,Dilley,John,male,30.0,Engineering,Fireman/Stoker,S,,,"Southampton, Hampshire, England"
1,Mr.,Dillon,Thomas,male,25.0,Engineering,Trimmer,S,4,,"Southampton, Hampshire, England"
0,Mr.,Dodd,Edward,male,38.0,Engineering,Junior 3rd Engineer,B,,,"Southampton, Hampshire, England"
0,Mr.,Dodds,Henry,male,27.0,Engineering,Junior Assistant 4th Engineer,S,,,"Southampton, Hampshire, England"
1,Mr.,Doel,Frederick,male,22.0,Engineering,Fireman/Stoker,S,C,,"Southampton, Hampshire, England"
1,Mr.,Dore,Albert,male,22.0,Engineering,Trimmer,S,,,"Southampton, Hampshire, England"
0,Mr.,Doyle,Laurence,male,27.0,Engineering,Fireman/Stoker,S,,,"Southampton, Hampshire, England"
0,Mr.,Duffy,William,male,28.0,Engineering,Writer/Engineer's Clerk,B,,,"Southampton, Hampshire, England"
0,Mr.,Dyer,Henry,male,24.0,Engineering,Senior Assistant 4th Engineer,S,,,"Southampton, Hampshire, England"
1,Mr.,Dymond,Frank,male,25.0,Engineering,Fireman/Stoker,S,15,,"Itchen, Hampshire, England"
0,Mr.,Eagle,Alfred,male,22.0,Engineering,Trimmer,S,,,"Southampton, Hampshire, England"
0,Mr.,Eastman,Charles,male,44.0,Engineering,Greaser,S,,,"Millbrook, Hampshire, England"
0,Mr.,Elliott,Everett,male,23.0,Engineering,Trimmer,S,,,"Edmonton, London, England"
0,Mr.,Ervine,Albert,male,18.0,Engineering,Assistant Electrician,B,,,"Belfast, Ireland"
0,Mr.,Evans,Williams,male,32.0,Engineering,Trimmer,S,,31.0,"Southampton, Hampshire, England"
0,Mr.,Farquharson,William,male,39.0,Engineering,Senior 2nd Engineer,S,,,"Belfast, Ireland,"
0,Mr.,Fay,Thomas,male,30.0,Engineering,Greaser,S,,,"Southampton, Hampshire, England"
0,Mr.,Ferrary,Anton,male,33.0,Engineering,Trimmer,S,,308.0,"Southampton, Hampshire, England"
0,Mr.,Ferris,William,male,38.0,Engineering,Leading Fireman,S,,,"Southampton, Hampshire, England"
1,Mr.,Fitzpatrick,Charles,male,30.0,Engineering,Mess Steward,S,B,,"Southampton, Hampshire, England"
1,Mr.,Flarty,Edward,male,52.0,Engineering,Fireman/Stoker,S,,,"Southampton, Hampshire, England"
0,Mr.,Ford,H.,male,22.0,Engineering,Trimmer,S,,,"Southampton, Hampshire, England"
0,Mr.,Ford,Thomas,male,30.0,Engineering,Leading Fireman,S,,,"Southampton, Hampshire, England"
0,Mr.,Foster,A.,male,37.0,Engineering,Engineering Storekeeper,S,,,"Southampton, Hampshire, England"
0,Mr.,Fraser,James,male,29.0,Engineering,Fireman/Stoker,S,,,"Southampton, Hampshire, England"
0,Mr.,Fraser,James,male,29.0,Engineering,Junior Assistant Third Engineer,B,,,"Southampton, Hampshire, England"
1,Mr.,Fredricks,Walter,male,20.0,Engineering,Trimmer,S,15,,"Southampton, Hampshire, England"
1,Mr.,Fryer,Albert,male,26.0,Engineering,Trimmer,S,13,,"Southampton, Hampshire, England"
0,Mr.,Geer,Alfred,male,24.0,Engineering,Fireman/Stoker,S,,,"Southampton, Hampshire, England"
1,Mr.,Godley,George,male,38.0,Engineering,Fireman/Stoker,S,,,"Southampton, Hampshire, England"
0,Mr.,Godwin,Frederick,male,36.0,Engineering,Greaser,S,,,"Southampton, Hampshire, England"
0,Mr.,Golder,Martin,male,32.0,Engineering,Fireman/Stoker,S,,,"Southampton, Hampshire, England"
0,Mr.,Gordon,J.,male,29.0,Engineering,Trimmer,S,,,"Southampton, Hampshire, England"
0,Mr.,Goree,Frank,male,28.0,Engineering,Greaser,S,,,"Southampton, Hampshire, England"
0,Mr.,Gosling,Bertram,male,22.0,Engineering,Trimmer,S,,,"Southampton, Hampshire, England"
0,Mr.,Gosling,S.,male,26.0,Engineering,Trimmer,S,,,"Southampton, Hampshire, England"
0,Mr.,Gradidge,Ernest,male,32.0,Engineering,Fireman/Stoker,S,,276.0,"Southampton, Hampshire, England"
1,Mr.,Graham,Thomas,male,28.0,Engineering,Fireman/Stoker,B,,,"Belfast, Ireland"
0,Mr.,Green,George,male,41.0,Engineering,Trimmer,S,,,"Southampton, Hampshire, England"
0,Mr.,Gregory,David,male,43.0,Engineering,Greaser,S,,,"Southampton, Hampshire, England"
0,Mr.,Gumery,George,male,24.0,Engineering,Mess Steward,S,,,"Birmingham, England"
1,Mr.,Hagan,John,male,30.0,Engineering,Fireman/Stoker,B,3,,"Southampton, Hampshire, England"
0,Mr.,Hall,Joseph,male,32.0,Engineering,Fireman/Stoker,S,,,"Southampton, Hampshire, England"
0,Mr.,Hallett,George,male,23.0,Engineering,Fireman/Stoker,S,,,"Southampton, Hampshire, England"
0,Mr.,Hands,Bernard,male,34.0,Engineering,Fireman/Stoker,S,,,"Killeshandra, Cavan, Ireland"
0,Mr.,Hannam,George,male,30.0,Engineering,Fireman/Stoker,S,,,"Southampton, Hampshire, England"
0,Mr.,Harris,Edward,male,29.0,Engineering,Fireman/Stoker,S,,,"Southampton, Hampshire, England"
1,Mr.,Harris,Frederick,male,34.0,Engineering,Fireman/Stoker,S,14,,"Southampton, Hampshire, England"
0,Mr.,Harrison,Norman,male,39.0,Engineering,Assistant Second Engineer,B,,,"Southampton, Hampshire, England"
0,Mr.,Hart,James,male,58.0,Engineering,Fireman/Stoker,S,,,"Southampton, Hampshire, England"
0,Mr.,Harvey,Herbert,male,34.0,Engineering,Junior Assistant Second Engineer,S,,,"Belfast, Ireland"
0,Mr.,Haslin,James,male,45.0,Engineering,Trimmer,S,,,"Southampton, Hampshire, England"
0,Mr.,Head,Arthur,male,24.0,Engineering,Fireman/Stoker,S,,,"Southampton, Hampshire, England"
1,Mr.,Hebb,A.,male,20.0,Engineering,Trimmer,S,B,,"Southampton, Hampshire, England"
1,Mr.,Hendrickson,Charles,male,29.0,Engineering,Leading Fireman,S,1,,"Northam, Southampton, Hampshire, England"
0,Mr.,Hesketh,John,male,33.0,Engineering,Junior Second Engineer,B,,,"Kirkdale, Liverpool, England"
0,Mr.,Hill,James,male,25.0,Engineering,Trimmer,S,,,"Southampton, Hampshire, England"
0,Mr.,Hinton,Steven,male,31.0,Engineering,Trimmer,S,,,"Southampton, Hampshire, England"
0,Mr.,Hosking,George,male,36.0,Engineering,Senior Third Engineer,S,,,"Southampton, England"
1,Mr.,Hunt,Albert,male,22.0,Engineering,Trimmer,S,C,,"Southampton, Hampshire, England"
0,Mr.,Hunt,T.,male,28.0,Engineering,Fireman/Stoker,S,,,"Southampton, Hampshire, England"
0,Mr.,Hurst,Charles,male,41.0,Engineering,Fireman/Stoker,S,,,"Southampton, Hampshire, England"
1,Mr.,Hurst,Walter,male,27.0,Engineering,Fireman/Stoker,S,B,,"Southampton, Hampshire, England"
0,Mr.,Ingram,Charles,male,20.0,Engineering,Trimmer,S,,204.0,"Southampton, Hampshire, England"
0,Mr.,Instance,T.,male,33.0,Engineering,Fireman/Stoker,S,,,"Southampton, Hampshire, England"
0,Mr.,Jackopson,John,male,30.0,Engineering,Fireman/Stoker,S,,,"Southampton, Hampshire, England"
0,Mr.,Jago,Joseph,male,59.0,Engineering,Greaser,S,,,"Southampton, Hampshire, England"
0,Mr.,James,Thomas,male,27.0,Engineering,Fireman/Stoker,S,,,"Cardiff, Glamorgan, Wales"
0,Mr.,Jarvis,William,male,37.0,Engineering,Fireman/Stoker,S,,,"Southampton, Hampshire, England"
0,Mr.,Joas,N.,male,38.0,Engineering,Fireman/Stoker,S,,,"Southampton, Hampshire, England"
1,Mr.,Judd,Charles,male,32.0,Engineering,Fireman/Stoker,S,B,,"Southampton, Hampshire, England"
0,Mr.,Jukes,James,male,35.0,Engineering,Greaser,S,,,"Southampton, Hampshire, England"
0,Mr.,Jupe,Herbert,male,31.0,Engineering,Assistant Electrician,S,,73.0,"Southampton, Hampshire, England"
1,Mr.,Kaspar,Franz,male,40.0,Engineering,Fireman/Stoker,S,9,,"Southampton, Hampshire, England"
0,Mr.,Kearl,Charles,male,44.0,Engineering,Greaser,S,,,"Ventnor, Isle of Wight, Hampshire, England"
0,Mr.,Kearl,G.,male,24.0,Engineering,Trimmer,S,,,"Hampshire, England"
0,Mr.,Keegan,James,male,38.0,Engineering,Leading Fireman,S,,,"Southampton, Hampshire, England"
0,Mr.,Kelly,James,male,44.0,Engineering,Greaser,S,,,"Co. Meath, Ireland"
0,Mr.,Kelly,William,male,23.0,Engineering,Assistant Electrician,B,,,"Dublin, Ireland"
1,Mr.,Kemish,George,male,22.0,Engineering,Fireman/Stoker,S,9,,"Shirley, Southampton, Hampshire, England"
0,Mr.,Kemp,Thomas,male,43.0,Engineering,Assistant Fourth Engineer,S,,,"Southampton, Hampshire, England"
0,Mr.,Kenchenten,Frederick,male,37.0,Engineering,Greaser,S,,,"Southampton, Hampshire, England"
0,Mr.,Kerr,Thomas,male,26.0,Engineering,Fireman/Stoker,S,,,"Glasgow, Scotland"
0,Mr.,Kinsella,Louis,male,30.0,Engineering,Fireman/Stoker,S,,,"Southampton, Hampshire, England"
0,Mr.,Kirkham,James,male,43.0,Engineering,Greaser,S,,,"Whittingham, Liverpool, Lancashire, England"
1,Mr.,Knowles,Thomas,male,39.0,Engineering,Fireman's Messman,S,C,,"Lymington, England"
0,Mr.,Lahy,Thomas,male,32.0,Engineering,Fireman/Stoker,S,,,"London, England"
0,Mr.,Lee,Henry,male,18.0,Engineering,Trimmer,S,,,"Southampton, Hampshire, England"
0,Mr.,Light,Charles,male,23.0,Engineering,Fireman/Stoker,S,,,"Southampton, Hampshire, England"
0,Mr.,Light,W.,male,47.0,Engineering,Fireman/Stoker,S,,,"Southampton, Hampshire, England"
1,Mr.,Lindsay,William,male,30.0,Engineering,Fireman/Stoker,S,B,,"Bristol, Avon, England"
0,Mr.,Long,Frank,male,28.0,Engineering,Trimmer,S,,,"Southampton, Hampshire, England"
0,Mr.,Long,William,male,36.0,Engineering,Trimmer,S,,,"Southampton, Hampshire, England"
0,Mr.,Loyd,W.,male,29.0,Engineering,Fireman/Stoker,S,,,"Southampton, Hampshire, England"
0,Mr.,Mackie,William,male,32.0,Engineering,Junior Fifth Engineer,B,,,"London, England"
1,Mr.,Major,William,male,32.0,Engineering,Fireman/Stoker,S,13,,"Southampton, Hampshire, England"
0,Mr.,Marett,George,male,27.0,Engineering,Fireman/Stoker,S,,,"Southampton, Hampshire, England"
0,Mr.,Marsh,Frederick,male,28.0,Engineering,Fireman/Stoker,S,,268.0,"Southampton, Hampshire, England"
0,Mr.,Maskell,L.A.,male,25.0,Engineering,Trimmer,S,,,"Southampton, Hampshire, England"
1,Mr.,Mason,Frank,male,32.0,Engineering,Fireman/Stoker,S,B,,"Southampton, Hampshire, England"
0,Mr.,Mason,James,male,39.0,Engineering,Leading Fireman,S,,,"Southampton, Hampshire, England"
0,Mr.,May Jr.,Arthur,male,23.0,Engineering,Fireman/Stoker,S,,,"Southampton, Hampshire, England"
0,Mr.,May Sr.,Arthur,male,60.0,Engineering,Fireman's Messman,S,,,"Southampton, Hampshire, England"
0,Mr.,Mayo,William,male,27.0,Engineering,Leading Fireman,S,,117.0,"Southampton, Hampshire, England"
1,Mr.,Mayzes,Thomas,male,25.0,Engineering,Fireman/Stoker,S,3,,"Southampton, Hampshire, England"
0,Mr.,McAndrew,Thomas,male,38.0,Engineering,Fireman/Stoker,S,,,"Liverpool, Merseyside, England"
0,Mr.,McAndrews,William,male,23.0,Engineering,Fireman/Stoker,S,,,"Southampton, Hampshire, England"
0,Mr.,McCastlen,William,male,38.0,Engineering,Fireman/Stoker,S,,,"Southampton, Hampshire, England"
0,Mr.,McCubbin,Lee,male,,Engineering,Fireman/Stoker,S,,,"Southampton, Hampshire, England"
1,Mr.,McGann,James,male,29.0,Engineering,Trimmer,S,B,,"Liverpool, Lancashire, England"
0,Mr.,McGarvey,Edward,male,34.0,Engineering,Fireman/Stoker,S,,,"Liverpool, Lancashire, England"
0,Mr.,McGaw,Errol,male,30.0,Engineering,Fireman/Stoker,S,,,"Aldershot, Hampshire, England"
0,Mr.,McGregor,J.,male,30.0,Engineering,Fireman/Stoker,S,,,"Edinburgh, Midlothian, Scotland"
0,Mr.,McInerney,Thomas,male,38.0,Engineering,Greaser,S,,,"Bootle, Lancashire, England"
1,Mr.,McInytre,William,male,22.0,Engineering,Trimmer,S,A,,"Southampton, Hampshire, England"
0,Mr.,McQuillan,William,male,32.0,Engineering,Fireman/Stoker,B,,183.0,"Belfast, Ireland"
0,Mr.,McRae,William,male,32.0,Engineering,Fireman/Stoker,S,,,"Shirley, Hampshire, England"
0,Mr.,McReynolds,William,male,22.0,Engineering,Junior Sixth Engineer,B,,,"Belfast, Ireland"
0,Mr.,Middleton,Alfred,male,17.0,Engineering,Assistant Electrician,B,,,"Belfast, Ireland"
0,Mr.,Milford,George,male,28.0,Engineering,Fireman/Stoker,S,,,"Ryde, Isle of Wight, Hampshire, England"
0,Mr.,Millar,Robert,male,27.0,Engineering,Extra Fifth Engineer,S,,,"Southampton, Hampshire, England"
0,Mr.,Millar,Thomas,male,33.0,Engineering,Assistant Deck Engineer,B,,,"Belfast, Ireland"
0,Mr.,Mintram,William,male,46.0,Engineering,Fireman/Stoker,S,,,"Southampton, Hampshire, England"
0,Mr.,Mitchell,Lawrence,male,19.0,Engineering,Trimmer,S,,,"Southampton, Hampshire, England"
1,Mr.,Moore,John,male,29.0,Engineering,Fireman/Stoker,S,3,,"Southampton, Hampshire, England"
0,Mr.,Moore,Ralph,male,21.0,Engineering,Trimmer,S,,,"London, England"
0,Mr.,Moores,Richard,male,44.0,Engineering,Greaser,S,,,"Southampton, Hampshire, England"
0,Mr.,Morgan,Arthur,male,27.0,Engineering,Trimmer,S,,,"Southampton, Hampshire, England"
0,Mr.,Morgan,Thomas,male,26.0,Engineering,Fireman/Stoker,S,,302.0,"Southampton, Hampshire, England"
0,Mr.,Morrell,R.,male,21.0,Engineering,Trimmer,S,,,"Southampton, Hampshire, England"
0,Mr.,Morris,Arthur,male,30.0,Engineering,Greaser,S,,,"Southampton, Hampshire, England"
0,Mr.,Morris,William,male,23.0,Engineering,Trimmer,S,,,"Southampton, Hampshire, England"
0,Mr.,Moyes,William,male,23.0,Engineering,Senior Sixth Engineer,B,,,"Stirling, Scotland"
1,Mr.,Murdock,William,male,34.0,Engineering,Fireman/Stoker,B,B,,"Belfast, Ireland"
0,Mr.,Nettleton,George,male,29.0,Engineering,Fireman/Stoker,S,,,"St. Denys, Hampshire, England"
0,Mr.,Newman,Charles,male,32.0,Engineering,Engineering Storekeeper,S,,,"Southampton, Hampshire, England"
0,Mr.,Noon,John,male,35.0,Engineering,Fireman/Stoker,S,,,"Southampton, Hampshire, England"
0,Mr.,Norris,James,male,22.0,Engineering,Fireman/Stoker,S,,,"Southampton, Hampshire, England"
0,Mr.,Noss,Bertram,male,21.0,Engineering,Fireman/Stoker,S,,,"Southampton, Hampshire, England"
1,Mr.,Noss,Henry,male,31.0,Engineering,Fireman/Stoker,S,15,,"Southampton, Hampshire, England"
1,Mr.,Nutbean,William,male,31.0,Engineering,Fireman/Stoker,S,3,,"Southampton, Hampshire, England"
1,Mr.,O'Connor,John,male,25.0,Engineering,Trimmer,S,B,,"Southampton, Hampshire, England"
0,Mr.,Olive,Charles,male,31.0,Engineering,Greaser,S,,,"Southampton, Hampshire, England"
1,Mr.,Oliver,H.,male,32.0,Engineering,Fireman/Stoker,S,3,,"Southampton, Hampshire, England"
1,Mr.,Othen,Charles,male,36.0,Engineering,Fireman/Stoker,S,11,,"Southampton, Hampshire, England"
0,Mr.,Paice,Richard,male,32.0,Engineering,Fireman/Stoker,S,,,"Kingsclere, Hampshire, England"
0,Mr.,Painter,Charles,male,31.0,Engineering,Fireman/Stoker,S,,,"Southampton, Hampshire, England"
0,Mr.,Painter,Frank,male,29.0,Engineering,Fireman/Stoker,S,,,"Southampton, Hampshire, England"
0,Mr.,Palles,Thomas,male,45.0,Engineering,Greaser,S,,,"Liverpool, England"
0,Mr.,Parsons,Frank,male,27.0,Engineering,Senior Fifth Engineer,B,,,"Southampton, Hampshire, England"
1,Mr.,Pearce,John,male,28.0,Engineering,Fireman/Stoker,S,15,,"Southampton, Hampshire, England"
1,Mr.,Pelham,George,male,39.0,Engineering,Trimmer,S,16,,"Southampton, Hampshire, England"
1,Mr.,Perry,Edgar,male,19.0,Engineering,Trimmer,S,,,"Southampton, Hampshire, England"
0,Mr.,Perry,Henry,male,23.0,Engineering,Trimmer,S,,,"Southampton, Hampshire, England"
0,Mr.,Phillips,G.,male,27.0,Engineering,Greaser,S,,,"Southampton, Hampshire, England"
0,Mr.,Pitfield,William,male,25.0,Engineering,Greaser,S,,,"Southampton, Hampshire, England"
1,Mr.,Podesta,John,male,25.0,Engineering,Fireman/Stoker,S,3,,"Southampton, Hampshire, England"
0,Mr.,Pond,George,male,32.0,Engineering,Fireman/Stoker,S,,,"Southampton, Hampshire, England"
1,Mr.,Prangnell,George,male,31.0,Engineering,Greaser,S,B,,"Southampton, Hampshire, England"
0,Mr.,Preston,Thomas,male,20.0,Engineering,Trimmer,S,,,"Southampton, Hampshire, England"
1,Mr.,Priest,Arthur,male,23.0,Engineering,Fireman/Stoker,S,15,,"Southampton, Hampshire, England"
0,Mr.,Proudfoot,Richard,male,22.0,Engineering,Trimmer,S,,,"Plymouth, Devon, England"
0,Mr.,Pugh,Percy,male,31.0,Engineering,Leading Fireman,S,,,"Hampshire, England"
1,Mr.,Pusey,William,male,24.0,Engineering,Fireman/Stoker,S,1,,"Hythe, Hampshire, England"
1,Mr.,Ranger,Thomas,male,29.0,Engineering,Greaser,S,4,,"Southampton, Hampshire, England"
0,Mr.,Read,Joseph,male,20.0,Engineering,Trimmer,S,,,"Southampton, Hampshire, England"
0,Mr.,Reed,Robert,male,30.0,Engineering,Trimmer,S,,,"Gosport, Hampshire, England"
0,Mr.,Reeves,Robert,male,30.0,Engineering,Fireman/Stoker,S,,280.0,"Southampton, Hampshire, England"
1,Mr.,Rice,Charles,male,32.0,Engineering,Fireman/Stoker,S,10,,"Southampton, Hampshire, England"
0,Mr.,Richards,Joseph,male,30.0,Engineering,Fireman/Stoker,S,,,"Southampton, Hampshire, England"
0,Mr.,Rickman,George,male,36.0,Engineering,Fireman/Stoker,S,,,"Milford, Hampshire, England"
0,Mr.,Roberts,Robert,male,35.0,Engineering,Fireman/Stoker,S,,,"Bransgore, Hampshire, England"
0,Mr.,Rous,Arthur,male,26.0,Engineering,Plumber,S,,,"Southampton, Hampshire, England"
0,Mr.,Rudd,Henry,male,23.0,Engineering,Engineering Storkeeper,S,,86.0,"Southampton, Hampshire, England"
0,Mr.,Rutter,Sidney,male,27.0,Engineering,Fireman/Stoker,S,,,"Southampton, Hampshire, England"
0,Mr.,Sangster,Charles,male,30.0,Engineering,Fireman/Stoker,S,,,"Southampton, Hampshire, England"
0,Mr.,Saunders,Thomas,male,,Engineering,Fireman/Stoker,S,,,"Southampton, Hampshire, England"
0,Mr.,Saunders,W.,male,30.0,Engineering,Fireman/Stoker,S,,184.0,"Southampton, Hampshire, England"
0,Mr.,Saunders,W.,male,23.0,Engineering,Trimmer,S,,,"Southampton, Hampshire, England"
0,Mr.,Scott,Archibald,male,40.0,Engineering,Fireman/Stoker,S,,,"Southampton, Hampshire, England"
1,Mr.,Scott,Frederick,male,28.0,Engineering,Greaser,S,4,,"Southampton, Hampshire, England"
0,Mr.,Self,Alfred,male,40.0,Engineering,Greaser,S,,,"Southampton, Hampshire, England"
1,Mr.,Self,Edward,male,25.0,Engineering,Fireman/Stoker,S,,,"Southampton, Hampshire, England"
1,Mr.,Senior,Henry,male,31.0,Engineering,Fireman/Stoker,S,B,,"London, England"
0,Mr.,Shea,Thomas,male,29.0,Engineering,Fireman/Stoker,S,,,"Southampton, Hampshire, England"
1,Mr.,Sheath,Frederick,male,20.0,Engineering,Trimmer,S,1,,"Southampton, Hampshire, England"
0,Mr.,Shepherd,Johnathan,male,32.0,Engineering,Junior Assistant Second Engineer,S,,,"Southampton, Hampshire, England"
1,Mr.,Shiers,Alfred,male,24.0,Engineering,Fireman/Stoker,S,5,,"Southampton, Hampshire, England"
0,Mr.,Shillaber,Charles,male,20.0,Engineering,Trimmer,S,,195.0,"Southampton, Hampshire, England"
0,Mr.,Skeates,William,male,26.0,Engineering,Trimmer,S,,,"Southampton, Hampshire, England"
0,Mr.,Sloan,Peter,male,31.0,Engineering,Chief Electrician,B,,,"Southampton, Hampshire, England"
0,Mr.,Small,William,male,40.0,Engineering,Leading Fireman,S,,,"Southampton, Hampshire, England"
0,Mr.,Smith,Ernest,male,27.0,Engineering,Trimmer,S,,,"Southampton, Hampshire, England"
0,Mr.,Smith,James,male,35.0,Engineering,Junior Fourth Engineer,S,,,"Southampton, Hampshire, England"
0,Mr.,Smither,Harry,male,22.0,Engineering,Fireman/Stoker,S,,,"Kilburn, Middlesex, England"
0,Mr.,Snellgrove,George,male,41.0,Engineering,Fireman/Stoker,S,,,"Millbrook, Hampshire, England"
0,Mr.,Snooks,W,male,26.0,Engineering,Trimmer,S,,,"Southampton, Hampshire, England"
1,Mr.,Snowberger,Eustace,male,21.0,Engineering,Trimmer,S,B,,"Southampton, Hampshire, England"
1,Mr.,Sparkman,Henry,male,36.0,Engineering,Fireman/Stoker,S,,,"Southampton, Hampshire, England"
0,Mr.,Stafford,Michael,male,34.0,Engineering,Greaser,S,,,"Southampton, Hampshire, England"
0,Mr.,Stanbrook,Augustus,male,30.0,Engineering,Fireman/Stoker,S,,316.0,"Southampton, Hampshire, England"
0,Mr.,Steel,Robert,male,30.0,Engineering,Trimmer,S,,,"Guernsey, Channel Islands"
0,Mr.,Stocker,Henry,male,20.0,Engineering,Trimmer,S,,,"Southampton, Hampshire, England"
1,Mr.,Street,Henry,male,25.0,Engineering,Fireman/Stoker,S,9,,"Southampton, Hampshire, England"
0,Mr.,Stubbs,James,male,28.0,Engineering,Fireman/Stoker,S,,,"Southampton, Hampshire, England"
0,Mr.,Sullivan,S.,male,25.0,Engineering,Fireman/Stoker,S,,,"Southampton, Hampshire, England"
1,Mr.,Taylor,James,male,25.0,Engineering,Fireman/Stoker,S,1,,"Southampton, Hampshire, England"
0,Mr.,Taylor,John,male,32.0,Engineering,Fireman/Stoker,S,,,"Southampton, Hampshire, England"
0,Mr.,Taylor,T.,male,42.0,Engineering,Fireman/Stoker,S,,,"Southampton, Hampshire, England"
1,Mr.,Taylor,William,male,28.0,Engineering,Fireman/Stoker,S,15,,"Southampton, Hampshire, England"
0,Mr.,Thomas,James,male,27.0,Engineering,Fireman/Stoker,S,,,"Southampton, Hampshire, England"
1,Mr.,Thompson,John,male,42.0,Engineering,Fireman/Stoker,S,A,,"Liverpool, England"
1,Mr.,Threlfall,Thomas,male,38.0,Engineering,Leading Fireman,S,14,,"Liverpool, England"
1,Mr.,Thresher,George,male,25.0,Engineering,Fireman/Stoker,S,,,"Southampton, Hampshire, England"
0,Mr.,Tizard,Arthur,male,31.0,Engineering,Fireman/Stoker,S,,,"Southampton, Hampshire, England"
0,Mr.,Tozer,James,male,32.0,Engineering,Greaser,S,,,"Southampton, Hampshire, England"
1,Mr.,Triggs,Robert,male,41.0,Engineering,Fireman/Stoker,S,3,,"Southampton, Hampshire, England"
0,Mr.,Turley,Richard,male,37.0,Engineering,Fireman/Stoker,S,,,"Newry, Down, Ireland"
0,Mr.,Veal,Arthur,male,36.0,Engineering,Greaser,S,,,"Southampton, Hampshire, England"
0,Mr.,Vear,Henry,male,32.0,Engineering,Fireman/Stoker,S,,,"Southampton, Hampshire, England"
0,Mr.,Vear,W.,male,32.0,Engineering,Fireman/Stoker,S,,59.0,"Southampton, Hampshire, England"
0,Mr.,Ward,Arthur,male,24.0,Engineering,Junior Assistant Fourth Engineer,S,,,"Romsey, England"
0,Mr.,Ward,Joseph,male,31.0,Engineering,Leading Fireman,S,,,"Southampton, Hampshire, England"
0,Mr.,Wardner,Frederick,male,39.0,Engineering,Fireman/Stoker,S,,,"Southampton, Hampshire, England"
0,Mr.,Wateridge,Edward,male,25.0,Engineering,Fireman/Stoker,S,,,"Southampton, Hampshire, England"
0,Mr.,Watson,W.,male,27.0,Engineering,Fireman/Stoker,S,,158.0,"Southampton, Hampshire, England"
0,Mr.,Webb,Samuel,male,28.0,Engineering,Trimmer,S,,,"Salford, Manchester, Lancashire, England"
0,Mr.,Webber,Francis,male,31.0,Engineering,Leading Fireman,S,,,"Southampton, Hampshire, England"
1,Mr.,White,Alfred,male,32.0,Engineering,Greaser,S,4,,"Southampton, Hampshire, England"
0,Mr.,White,Frank,male,27.0,Engineering,Trimmer,S,,,"Southampton, Hampshire, England"
1,Mr.,White,William,male,23.0,Engineering,Trimmer,S,15,,"Salisbury, Wiltshire, England"
0,Mr.,Williams,Samuel,male,26.0,Engineering,Fireman/Stoker,S,,,"Southampton, Hampshire, England"
0,Mr.,Wilson,Bertie,male,28.0,Engineering,Senior Assistant Second Engineer,S,,,"Southampton, Hampshire, England"
0,Mr.,Wilton,William,male,45.0,Engineering,Trimmer,S,,,"Southampton, Hampshire, England"
0,Mr.,Witcher,Alfred,male,40.0,Engineering,Fireman/Stoker,S,,,"Lymington, England"
0,Mr.,Witt,F.,male,,Engineering,Trimmer,S,,,"Southampton, Hampshire, England"
0,Mr.,Witt,Henry,male,40.0,Engineering,Fireman/Stoker,S,,,"Southampton, Hampshire, England"
0,Mr.,Wood,Henry,male,31.0,Engineering,Trimmer,S,,,"Southampton, Hampshire, England"
0,Mr.,Woodford,Frederick,male,41.0,Engineering,Greaser,S,,,"Southampton, Hampshire, England"
0,Mr.,Wyeth,James,male,26.0,Engineering,Fireman/Stoker,S,,,"Southampton, Hampshire, England"
0,Mr.,Young,Francis,male,30.0,Engineering,Fireman/Stoker,S,,,"Southampton, Hampshire, England"
0,Mr.,van der Brugge,Wessel,male,42.0,Engineering,Fireman/Stoker,S,,,"Delfshaven, Rotterdam, Netherlands"
0,Mr.,Gwinn,William,male,37.0,Mail,Postal Clerk,S,,,"New York City, US"
0,Mr.,March,John,male,50.0,Mail,Postal Clerk,S,,225.0,"Newark, New Jersey, US"
0,Mr.,Smith,John,male,35.0,Mail,Postal Clerk,S,,,"Truro, England"
0,Mr.,Williamson,James,male,35.0,Mail,Postal Clerk,S,,,"Dublin, Ireland"
0,Mr.,Woody,Oscar,male,41.0,Mail,Postal Clerk,S,,167.0,"Clifton, Virginia, US"
1,Sub-Lieutenant,Boxhall,Joseph,male,28.0,Officers,Fourth Officer,B,2,,"Hull, Yorkshire, England"
1,Sub-Lieutenant,Lightoller,Charles,male,38.0,Officers,Second Officer,B,B,,"Netley, Hampshire, England"
1,Sub-Lieutenant,Lowe,Harold,male,29.0,Officers,Fifth Officer,B,14,,"Barmouth, Merionethshire, Wales"
0,Sub-Lieutenant,Moody,James,male,24.0,Officers,Sixth Officer,B,,,"Grimsby, Lincolnshire, England"
0,Lieutenant,Murdoch,William,male,39.0,Officers,First Officer,B,,,"Dalbeattie, Kirkcudbrightshire, Scotland"
1,Mr.,Pitman,Herbert,male,34.0,Officers,Third Officer,B,5,,"Castle Cary, Somerset, England"
0,Commander,Smith,Edward,male,62.0,Officers,Captain,S,,,"Hanley, Stoke-on-Trent, Staffordshire, England"
0,Lieutenant,Wilde,Henry,male,39.0,Officers,Chief Officer,S,,,"Walton, Lancashire, England"
0,Mr.,Allaria,Battista,male,30.0,Restaurant,Asst. Waiter,S,,221.0,"Southampton, Hampshire, England"
0,Mr.,Aspeslagh,Georges,male,26.0,Restaurant,Asst. Plateman,S,,,"London, England"
0,Mr.,Banfi,Ugo,male,24.0,Restaurant,Waiter,S,,,"Finsbury, London, England"
0,Mr.,Basilico,Giovanni,male,27.0,Restaurant,Waiter,S,,,"London, England"
0,Mr.,Bazzi,Narciso,male,33.0,Restaurant,Waiter,S,,,"London, England"
0,Mr.,Bernardi,Battista,male,22.0,Restaurant,Asst. Waiter,S,,215.0,"Southampton, Hampshire, England"
0,Mr.,Beux,David,male,26.0,Restaurant,Asst. Waiter,S,,,"London, England"
0,Mr.,Bietrix,George,male,28.0,Restaurant,Cook,S,,,"Lambeth, London, England"
0,Mr.,Blument,Jean,male,26.0,Restaurant,Pantryman,S,,,"Southampton, Hampshire, England"
0,Mr.,Bochet,Pierre,male,43.0,Restaurant,Waiter,S,,,"London, England"
0,Mr.,Bolhuis,Hendrik,male,21.0,Restaurant,Larder Cook,S,,,"Southampton, Hampshire, England"
1,Miss,Bowker,Ruth,female,27.0,Restaurant,Cashier,S,6,,"London, England"
0,Mr.,Casali,Giulio,male,27.0,Restaurant,Waiter,S,,,"Soho, London, England"
0,Mr.,Chaboisson,Adrien,male,25.0,Restaurant,Roast Cook,S,,,"London, England"
0,Mr.,Cornaire,,male,19.0,Restaurant,Asst. Roast Cook,S,,,"London, England"
0,Mr.,Coutin,Auguste,male,28.0,Restaurant,Entrée Cook,S,,,"Southampton, Hampshire, England"
0,Mr.,Crovella,Luigi,male,17.0,Restaurant,Asst. Waiter,S,,,"Southampton, Hampshire, England"
0,Mr.,De Marsico,Giovanni,male,20.0,Restaurant,Asst. Waiter,S,,,"Soho, London, England"
0,Mr.,Debreucq,Maurice,male,22.0,Restaurant,Asst. Waiter,S,,244.0,"London, England"
0,Mr.,Desvernine,Louis,male,20.0,Restaurant,Asst. Pastry Cook,S,,,"London, England"
0,Mr.,Donati,Italo,male,17.0,Restaurant,Asst. Waiter,S,,311.0,"London, England"
0,Mr.,Dornier,Louis,male,20.0,Restaurant,Asst. Fish Cook,S,,,"Southampton, Hampshire, England"
0,Mr.,Fey,Carlo,male,30.0,Restaurant,Scullion,S,,,"London, England"
0,Mr.,Fioravante,Giuseppe,male,23.0,Restaurant,Asst. Scullion,S,,,"London, England"
0,Mr.,Gatti,Gaspare,male,37.0,Restaurant,Restaurant Manager,S,,313.0,"Southampton, Hampshire, England"
0,Mr.,Gilardino,Vincenzo,male,31.0,Restaurant,Waiter,S,,,"Southampton, Hampshire, England"
0,Mr.,Grosclaude,Gérald,male,24.0,Restaurant,Waiter,S,,,"London, England"
0,Mr.,Jaillet,Henri,male,28.0,Restaurant,Pastry Cook,S,,277.0,"London, England"
0,Mr.,Janin,Claude,male,29.0,Restaurant,Soup Cook,S,,,"London, England"
0,Mr.,Jeffery,William,male,28.0,Restaurant,Controller,S,,,"Southampton, Hampshire, England"
0,Mr.,Jouannault,Georges,male,24.0,Restaurant,Asst. Sauce Cook,S,,,"Southampton, Hampshire, England"
1,Miss,Martin,Margaret,female,20.0,Restaurant,Cashier,S,6,,"London, England"
0,Mr.,Mattmann,Adolf,male,20.0,Restaurant,Ice Man,S,,,"Southampton, Hampshire, England"
1,Mr.,Maugé,Paul,male,25.0,Restaurant,Kitchen Clerk,S,13,,"Southampton, Hampshire, England"
0,Mr.,Monrós,Joan,male,20.0,Restaurant,Asst. Waiter,S,,27.0,"Southampton, Hampshire, England"
0,Mr.,Monteverdi,Giovanni,male,23.0,Restaurant,Cook,S,,,"Southampton, Hampshire, England"
0,Mr.,Nannini,Francesco,male,42.0,Restaurant,Head Waiter,S,,,"Southampton, Hampshire, England"
0,Mr.,Pachera,Jean,male,19.0,Restaurant,Asst. Larder Cook,S,,,"Southampton, Hampshire, England"
0,Mr.,Pedrini,Alessandro,male,21.0,Restaurant,Asst. Waiter,S,,104.0,"Southampton, Hampshire, England"
0,Mr.,Peracchio,Alberto,male,20.0,Restaurant,Asst. Waiter,S,,,"Southampton, Hampshire, England"
0,Mr.,Peracchio,Sebastiano,male,17.0,Restaurant,Asst. Waiter,S,,,"Southampton, Hampshire, England"
0,Mr.,Perotti,Alfonso,male,20.0,Restaurant,Asst. Waiter,S,,,"London, England"
0,Mr.,Phillips,Walter,male,35.0,Restaurant,Storekeeper,S,,,"Southampton, Hampshire, England"
0,Mr.,Piatti,Luigi,male,17.0,Restaurant,Asst. Waiter,S,,,"London, England"
0,Mr.,Piazza,Pompeo,male,30.0,Restaurant,Waiter,S,,266.0,"London, England"
0,Mr.,Poggi,Emilio,male,28.0,Restaurant,Waiter,S,,301.0,"Southampton, Hampshire, England"
0,Mr.,Price,Ernest,male,17.0,Restaurant,Barman,S,,186.0,"London, England"
0,Mr.,Ratti,Enrico,male,21.0,Restaurant,Waiter,S,,,"London, England"
0,Mr.,Ricaldone,Rinaldo,male,22.0,Restaurant,Asst. Waiter,S,,,"London, England"
0,Mr.,Rigozzi,Abele,male,22.0,Restaurant,Asst. Waiter,S,,115.0,"London, England"
0,Mr.,Rotta,Angelo,male,23.0,Restaurant,Waiter,S,,,"London, England"
0,Mr.,Rousseau,Pierre,male,49.0,Restaurant,Chef,S,,,"London, England"
0,Mr.,Saccaggi,Giovanni,male,24.0,Restaurant,Asst. Waiter,S,,,"London, England"
0,Mr.,Salussolia,Giovanni,male,25.0,Restaurant,Glass Man,S,,,"London, England"
0,Mr.,Sartori,Lazar,male,24.0,Restaurant,Asst. Glass Man,S,,,"London, England"
0,Mr.,Scavino,Candido,male,42.0,Restaurant,Carver,S,,,"London, England"
0,Mr.,Sesia,Giacomo,male,24.0,Restaurant,Waiter,S,,,"London, England"
0,Mr.,Testoni,Ercole,male,23.0,Restaurant,Asst. Glass Man,S,,,"London, England"
0,Mr.,Tietz,Karl,male,27.0,Restaurant,Kitchen Porter,S,,,"Southampton, Hampshire, England"
0,Mr.,Turvey,Charles,male,16.0,Restaurant,Page Boy,S,,,"London, England"
0,Mr.,Urbini,Roberto,male,22.0,Restaurant,Waiter,S,,,"London, England"
0,Mr.,Valvassori,Ettore,male,35.0,Restaurant,Waiter,S,,,"London, England"
0,Mr.,Vicat,Alphonse,male,21.0,Restaurant,Cook,S,,,"London, England"
0,Mr.,Villvarlange,Pierre,male,19.0,Restaurant,Asst. Soup Cook,S,,,"Paris, France"
0,Mr.,Vine,H.,male,18.0,Restaurant,Asst. Controller,S,,,"London, England"
0,Mr.,Vioni,Roberto,male,31.0,Restaurant,Waiter,S,,,"London, England"
0,Mr.,Voegelin-Dubach,Johannes,male,35.0,Restaurant,Coffee Maker,S,,,"London, England"
0,Mr.,Zanetti,Minio,male,20.0,Restaurant,Asst. Waiter,S,,,"London, England"
0,Mr.,Zarracchi,L.,male,26.0,Restaurant,Wine Butler,S,,,"Southampton, Hampshire, England"
0,Mr.,Abbott,Ernest,male,21.0,Victualling,First Class Lounge Pantry Steward,S,,,"Southampton, Hampshire, England"
0,Mr.,Ahier,Percy,male,20.0,Victualling,First Class Saloon Steward,S,,,"Southampton, Hampshire, England"
0,Mr.,Akerman,Albert,male,28.0,Victualling,Third Class Steward,S,,,"Southampton, Hampshire, England"
0,Mr.,Akerman,Joseph,male,35.0,Victualling,Asst. Pantry Steward,S,,205.0,"Southampton, Hampshire, England"
0,Mr.,Allan,Robert,male,36.0,Victualling,First Class Bedroom Steward,S,,,"Shirley, Hampshire, England"
0,Mr.,Allen,Frederick,male,17.0,Victualling,Lift Steward,S,,,"Southampton, Hampshire, England"
0,Mr.,Allen,George,male,26.0,Victualling,Scullion,S,,,"Southampton, Hampshire, England"
0,Mr.,Allsop,Frank,male,41.0,Victualling,Bedroom Steward,S,,,"Southampton, Hampshire, England"
0,Mr.,Anderson,Walter,male,48.0,Victualling,Bedroom Steward,S,,146.0,"Southampton, Hampshire, England"
1,Mr.,Andrews,Charles,male,19.0,Victualling,Assistant Second Class Saloon Steward,S,16,,"Southampton, Hampshire, England"
0,Mr.,Ashcroft,Austin,male,26.0,Victualling,Clerk,S,,,"Seacombe, Cheshire, England"
0,Mr.,Ashe,Henry,male,32.0,Victualling,Glory Hole Steward,S,,34.0,"Liverpool, Lancashire, England"
0,Mr.,Ayling,George,male,22.0,Victualling,Assistant Vegetable Cook,S,,,"Southampton, Hampshire, England"
0,Mr.,Back,Charles,male,32.0,Victualling,Assistant Lounge Steward,B,,,"Southampton, Hampshire, England"
1,Mr.,Baggott,Allen,male,28.0,Victualling,First Class Saloon Steward,S,9,,"Itchen, Hampshire, England"
0,Mr.,Bagley,Edward,male,31.0,Victualling,First Class Saloon Steward,S,,,"Southampton, Hampshire, England"
0,Mr.,Bailey,George,male,36.0,Victualling,Second Class Saloon Steward,B,,161.0,"Shepperton, London, England"
1,Mr.,Ball,Percy,male,19.0,Victualling,First Class Plate Steward,S,13,,"Southampton, Hampshire, England"
0,Mr.,Barker,Albert,male,19.0,Victualling,Assistant Baker,S,,,"Winchester, Hampshire, England"
0,Mr.,Barker,Ernest,male,37.0,Victualling,First Class Saloon Steward,S,,159.0,"London, England"
0,Mr.,Barker,Reginald,male,40.0,Victualling,Assistant Purser,B,,,"Southampton, Hampshire, England"
0,Mr.,Barlow,George,male,36.0,Victualling,Second Class Bedroom Steward,S,,,"Southampton, Hampshire, England"
0,Mr.,Barnes,Frederick,male,37.0,Victualling,Assistant Baker,S,,26.0,"Southampton, Hampshire, England"
0,Mr.,Barratt,Arthur,male,15.0,Victualling,Bell Boy,S,,,"Southampton, Hampshire, England"
0,Mr.,Barringer,Arthur,male,33.0,Victualling,First Class Saloon Steward,B,,,"Southampton, Hampshire, England"
0,Mr.,Barrow,Harry,male,35.0,Victualling,Assistant Butcher,S,,,"Southampton, Hampshire, England"
0,Mr.,Barrows,William,male,32.0,Victualling,First Class Saloon Steward,S,,,"London, England"
0,Mr.,Barton,Sidney,male,25.0,Victualling,Third Class Steward,S,,,"Southampton, Hampshire, England"
0,Mr.,Baxter,Harry,male,51.0,Victualling,Third Class Steward,S,,,"Southampton, Hampshire, England"
0,Mr.,Baxter,Thomas,male,48.0,Victualling,Linen Steward,S,,235.0,"Southampton, Hampshire, England"
0,Mr.,Bedford,William,male,31.0,Victualling,Assistant Roast Cook,S,,,"Itchen, Hampshire, England"
0,Mr.,Beedem,George,male,34.0,Victualling,Second Class Bedroom Steward,S,,,"London, England"
0,Mr.,Beere,William,male,19.0,Victualling,Kitchen Porter,S,,,"Southampton, Hampshire, England"
0,Mr.,Benham,Frederick,male,29.0,Victualling,Second Class Saloon Steward,S,,,"Southampton, Hampshire, England"
1,Mrs.,Bennett,Mabel,female,30.0,Victualling,First Class Stewardess,S,5,,"Southampton, Hampshire, England"
0,Mr.,Bessant,Edward,male,31.0,Victualling,Baggage Steward,S,,,"Southampton, Hampshire, England"
0,Mr.,Best,Alfred,male,38.0,Victualling,First Class Saloon Steward,B,,,"Southampton, Hampshire, England"
0,Mr.,Bishop,Walter,male,34.0,Victualling,First Class Bedroom Steward,B,,,"Southampton, Hampshire, England"
0,Mr.,Blake,Seaton,male,26.0,Victualling,Mess Steward,B,,,"Southampton, Hampshire, England"
1,Mrs.,Bliss,Emma,female,45.0,Victualling,First Class Stewardess,S,15,,"London, England"
0,Mr.,Bochatay,Alexis,male,30.0,Victualling,Assistant Chef,S,,,"Southampton, Hampshire, England"
0,Mr.,Bogie,Norman,male,29.0,Victualling,Second Class Bedroom Steward,S,,274.0,"Eastleigh, Hampshire, England"
0,Mr.,Bond,William,male,40.0,Victualling,First Class Bedroom Steward,B,,,"Southampton, Hampshire, England"
0,Mr.,Boothby,W.,male,36.0,Victualling,Second Class Bedroom Steward,S,,107.0,"Southampton, Hampshire, England"
0,Mr.,Boston,William,male,30.0,Victualling,Assistant Deck Steward,B,,,"Southampton, Hampshire, England"
0,Mr.,Boughton,B.,male,24.0,Victualling,First Class Saloon Steward,S,,,"Southampton, Hampshire, England"
0,Mr.,Boyd,John,male,35.0,Victualling,First Class Saloon Steward,S,,,"Southampton, Hampshire, England"
0,Mr.,Boyes,John,male,36.0,Victualling,First Class Saloon Steward,B,,,"Southampton, Hampshire, England"
0,Mr.,Bradshaw,J.A.,male,43.0,Victualling,First Class Plate Steward,S,,,"Southampton, Hampshire, England"
0,Mr.,Brewster,George,male,48.0,Victualling,First Class Bedroom Steward,B,,,"Southampton, Hampshire, England"
1,Mr.,Bride,Harold,male,22.0,Victualling,Assistant Telegraphist,B,B,,"Southampton, Hampshire, England"
0,Mr.,Bristow,Harry,male,33.0,Victualling,First Class Saloon Steward,S,,,"Looe, Cornwall, England"
0,Mr.,Bristow,Robert,male,31.0,Victualling,Third Class Steward,S,,290.0,"Southampton, Hampshire, England"
0,Mr.,Brookman,John,male,27.0,Victualling,Third Class Steward,S,,,"Southampton, Hampshire, England"
0,Mr.,Broom,H.,male,33.0,Victualling,Bath Steward,B,,,"Cowes, Isle of Wight, England"
0,Mr.,Broome,Athol,male,30.0,Victualling,Verandah Steward,S,,,"Southampton, Hampshire, England"
1,Mr.,Brown,Edward,male,34.0,Victualling,Saloon Steward,B,A,,"Southampton, Hampshire, England"
0,Mr.,Brown,Walter,male,28.0,Victualling,Saloon Steward,B,,,"Southampton, Hampshire, England"
0,Mr.,Buckley,H.E.,male,34.0,Victualling,Assistant Vegetable Cook,S,,,"Southampton, Hampshire, England"
0,Mr.,Bull,W.,male,30.0,Victualling,Scullion,S,,,"Southampton, Hampshire, England"
0,Mr.,Bulley,Henry,male,21.0,Victualling,Boots,S,,,"Southampton, Hampshire, England"
0,Mr.,Bunnell,Wilfred,male,20.0,Victualling,Plate Steward,B,,,"Southampton, Hampshire, England"
1,Mr.,Burgess,Charles,male,18.0,Victualling,Extra Third Baker,S,15,,"Southampton, Hampshire, England"
0,Mr.,Burke,Richard,male,30.0,Victualling,Lounge Steward,B,,,"Chandler's Ford, Hampshire, England"
1,Mr.,Burke,William,male,31.0,Victualling,Saloon Steward,B,10,,"Southampton, Hampshire, England"
0,Mr.,Burr,Ewart,male,29.0,Victualling,Saloon Steward,S,,,"Woolston, Hampshire, England"
1,Mr.,Burrage,Alfred,male,20.0,Victualling,Plate Steward,S,13,,"Southampton, Hampshire, England"
0,Mr.,Butt,Robert,male,22.0,Victualling,Saloon Steward,S,,10.0,"Southampton, Hampshire, England"
0,Mr.,Butterworth,John,male,23.0,Victualling,Saloon Steward,S,,116.0,"Southampton, Hampshire, England"
0,Mr.,Byrne,J.E.,male,31.0,Victualling,Bedroom Steward,S,,,"Ilford, London, England"
0,Mr.,Campbell,Donald,male,25.0,Victualling,Third Class Clerk,S,,,"Southampton, Hampshire, England"
0,Mr.,Carney,William,male,31.0,Victualling,Lift Steward,S,,251.0,"Liverpool, Lancashire, England"
0,Mr.,Cartwright,James,male,32.0,Victualling,Saloon Steward,B,,320.0,"Southampton, Hampshire, England"
0,Mr.,Casswill,Charles,male,32.0,Victualling,Saloon Steward,S,,,"Southampton, Hampshire, England"
1,Miss,Caton,Annie,female,50.0,Victualling,Turkish Bath Stewardess,S,11,,"London, England"
0,Mr.,Caunt,William,male,27.0,Victualling,Grill Cook,S,,,"Southampton, Hampshire, England"
0,Mr.,Cave,Herbert,male,34.0,Victualling,Saloon Steward,B,,218.0,"Southampton, Hampshire, England"
0,Mr.,Cecil,C.,male,20.0,Victualling,Steward,S,,,"Southampton, Hampshire, England"
1,Mr.,Chapman,Joseph,male,32.0,Victualling,Boots,S,9,,"Southampton, Hampshire, England"
0,Mr.,Charman,John,male,25.0,Victualling,Saloon Steward,S,,185.0,"Southampton, Hampshire, England"
0,Mr.,Cheverton,William,male,27.0,Victualling,Saloon Steward,B,,334.0,"Newport, Pembrokeshire, Wales"
0,Mr.,Chitty,Archibald,male,28.0,Victualling,Steward,S,,,"Southampton, Hampshire, England"
0,Mr.,Chitty,George,male,52.0,Victualling,Baker,S,,,"Southampton, Hampshire, England"
0,Mr.,Christmas,H.,male,33.0,Victualling,Assistant Saloon Steward,S,,,"Southampton, Hampshire, England"
0,Mr.,Coleman,Albert,male,28.0,Victualling,Saloon Steward,S,,,"Southampton, Hampshire, England"
0,Mr.,Coleman,John,male,57.0,Victualling,Mess Steward,S,,112.0,"Itchen, Hampshire, England"
1,Mr.,Colgan,E.,male,33.0,Victualling,Scullion,S,13,,"Southampton, Hampshire, England"
1,Mr.,Collins,John,male,17.0,Victualling,Scullion,S,B,,"Belfast, Ireland"
0,Mr.,Conway,P.W.,male,25.0,Victualling,Saloon Steward,B,,,"London, England"
0,Mr.,Cook,George,male,42.0,Victualling,Saloon Steward,S,,,"Southampton, Hampshire, England"
0,Mr.,Coombs,Augustus,male,38.0,Victualling,Cook,S,,,"Southampton, Hampshire, England"
0,Mr.,Corben,Ernest,male,27.0,Victualling,Assistant Printer Steward,S,,,"Southampton, Hampshire, England"
0,Mr.,Coutin,Auguste,male,28.0,Victualling,Entree Cook,S,,,"Southampton, Hampshire, England"
0,Mr.,Cox,William,male,29.0,Victualling,Steward,S,,300.0,"Southampton, Hampshire, England"
1,Mr.,Crafter,Frederick,male,27.0,Victualling,Saloon Steward,S,15,,"Southampton, Hampshire, England"
1,Mr.,Crawford,Alfred,male,36.0,Victualling,Bedroom Steward,B,8,,"Southampton, Hampshire, England"
0,Mr.,Crisp,Albert,male,35.0,Victualling,Saloon Steward,B,,,"Southampton, Hampshire, England"
0,Mr.,Crispin,William,male,32.0,Victualling,Glory Hole Steward,S,,,"Eastleigh, Hampshire, England"
0,Mr.,Crosby,J.,male,42.0,Victualling,Turkish Bath Attendant,S,,,"London, England"
1,Mr.,Crowe,George,male,30.0,Victualling,Saloon Steward,S,14,,"Southampton, Hampshire, England"
0,Mr.,Crumplin,Charles,male,35.0,Victualling,Bedroom Steward,B,,,"Southampton, Hampshire, England"
1,Mr.,Cullen,Charles,male,45.0,Victualling,Bedroom Steward,B,11,,"Southampton, Hampshire, England"
1,Mr.,Cunningham,Andrew,male,35.0,Victualling,Bedroom Steward,B,4,,"Southampton, Hampshire, England"
1,Mr.,Daniels,Sidney,male,18.0,Victualling,Steward,S,B,,"Southsea, Hampshire, England"
0,Mr.,Dashwood,William,male,19.0,Victualling,Saloon Steward,S,,83.0,"Southampton, Hampshire, England"
0,Mr.,Davies,Gordon,male,33.0,Victualling,Bedroom Steward,B,,,"Southampton, Hampshire, England"
0,Mr.,Davies,John,male,27.0,Victualling,Extra 2nd Baker,B,,200.0,"Southampton, Hampshire, England"
0,Mr.,Davies,Robert,male,26.0,Victualling,Saloon Steward,B,,191.0,"Southampton, Hampshire, England"
0,Mr.,Dean,George,male,19.0,Victualling,Assistant Saloon Steward,S,,252.0,"Southampton, Hampshire, England"
0,Mr.,Deeble,Alfred,male,29.0,Victualling,Saloon Steward,B,,270.0,"Southampton, Hampshire, England"
0,Mr.,Derrett,Albert,male,26.0,Victualling,Saloon Steward,B,,,"Southampton, Hampshire, England"
0,Mr.,Deslands,Percival,male,36.0,Victualling,Saloon Steward,S,,212.0,"Southampton, Hampshire, England"
0,Mr.,Desvernine,Louis,male,20.0,Victualling,Assistant Pastry Cook,S,,,"Southampton, Hampshire, England"
0,Mr.,Dinenage,James,male,47.0,Victualling,Saloon Steward,S,,,"Southampton, Hampshire, England"
0,Mr.,Dodd,George,male,44.0,Victualling,Steward,B,,,"Southampton, Hampshire, England"
0,Mr.,Dolby,Joseph,male,36.0,Victualling,Reception Room Steward,B,,,"Southampton, Hampshire, England"
0,Mr.,Donoghue,Frank,male,35.0,Victualling,Bedroom Steward,B,,,"Southampton, Hampshire, England"
0,Mr.,Doughty,W.,male,22.0,Victualling,Saloon Steward,S,,,"Southampton, Hampshire, England"
0,Mr.,Dunford,William,male,41.0,Victualling,Hospital Steward,S,,71.0,"Southampton, Hampshire, England"
0,Mr.,Dyer,William,male,31.0,Victualling,Saloon Steward,S,,,"Southampton, Hampshire, England"
0,Mr.,Edbrooke,F.,male,24.0,Victualling,Steward,S,,,"Southampton, Hampshire, England"
0,Mr.,Ede,George,male,22.0,Victualling,Steward,S,,,"Southampton, Hampshire, England"
0,Mr.,Edge,Frederick,male,37.0,Victualling,Deck Steward,S,,,"Southampton, Hampshire, England"
0,Mr.,Edwards,Clement,male,38.0,Victualling,Assistant Pantryman Steward,S,,,"Southampton, Hampshire, England"
0,Mr.,Egg,W.H.,male,34.0,Victualling,Steward,S,,,"London, England"
1,Mr.,Ellis,John,male,30.0,Victualling,Assistant Vegetable Cook,S,2,,"Southampton, Hampshire, England"
0,Mr.,Ennis,Walter,male,35.0,Victualling,Turkish Bath Attendant,S,,,"Southport, Lancashire, England"
1,Mr.,Etches,Henry,male,41.0,Victualling,Bedroom Steward,B,5,,"Southampton, Hampshire, England"
0,Mr.,Evans,George,male,32.0,Victualling,Saloon Steward,B,,,"Southampton, Hampshire, England"
0,Mr.,Fairall,Henry,male,38.0,Victualling,Saloon Steward,B,,,"Ryde, Isle of Wight, England"
0,Mr.,Farrenden,Ernest,male,32.0,Victualling,Confectioner,B,,,"Emsworth, Hampshire, England"
1,Mr.,Faulkner,William,male,37.0,Victualling,Bedroom Steward,B,11,,"Southampton, Hampshire, England"
0,Mr.,Fellowes,Alfred,male,29.0,Victualling,Boots,B,,138.0,"Southampton, Hampshire, England"
0,Mr.,Feltham,G.,male,36.0,Victualling,Vienna Baker,S,,,"Southampton, Hampshire, England"
0,Mr.,Finch,Harry,male,18.0,Victualling,Steward,S,,,"Southampton, Hampshire, England"
0,Mr.,Fletcher,Peter,male,26.0,Victualling,Bugler Steward,B,,,"Sholing, Hampshire, England"
1,Mr.,Foley,William,male,26.0,Victualling,Steward,S,13,,"Southampton, Hampshire, England"
0,Mr.,Ford,Ernest,male,32.0,Victualling,Steward,S,,,"Southampton, Hampshire, England"
0,Mr.,Ford,F.,male,37.0,Victualling,Bedroom Steward,S,,,"Southampton, Hampshire, England"
0,Mr.,Fox,William,male,27.0,Victualling,Steward,S,,214.0,"Ealing, London, England"
0,Mr.,Franklin,Alan,male,29.0,Victualling,Saloon Steward,S,,262.0,"Southampton, Hampshire, England"
0,Mr.,Freeman,Ernest,male,43.0,Victualling,Deck Steward,B,,239.0,"Southampton, Hampshire, England"
0,Mr.,Geddes,Richard,male,31.0,Victualling,Bedroom Steward,S,,,"Southampton, Hampshire, England"
1,Mr.,Gibbons,Jacob,male,36.0,Victualling,Saloon Steward,S,11,,"Studland, Dorset, England"
0,Mr.,Giles,John,male,30.0,Victualling,Baker,S,,,"Southampton, Hampshire, England"
0,Mr.,Gill,Joseph,male,34.0,Victualling,Bedroom Steward,B,,49.0,"Southampton, Hampshire, England"
0,Mr.,Gill,Patrick,male,38.0,Victualling,Ship's Cook,S,,,"Southampton, Hampshire, England"
1,Mrs.,Gold,Katherine,female,42.0,Victualling,Stewardess,S,11,,"Southampton, Hampshire, England"
0,Mr.,Gollop,F.,male,28.0,Victualling,Assistant Passage Cook,S,,,"Southampton, Hampshire, England"
0,Mr.,Goshawk,Arthur,male,31.0,Victualling,Third Saloon Steward,B,,,"Southampton, Hampshire, England"
1,Miss,Gregson,Mary,female,44.0,Victualling,Stewardess,S,16,,"Southampton, Hampshire, England"
0,Mr.,Gunn,Joseph,male,28.0,Victualling,Assistant Saloon Steward,S,,125.0,"Southampton, Hampshire, England"
1,Mr.,Guy,Edward,male,28.0,Victualling,Boots,S,5,,"Southampton, Hampshire, England"
1,Mr.,Halford,Richard,male,22.0,Victualling,Steward,S,15,,"Southampton, Hampshire, England"
0,Mr.,Hall,F.A.J.,male,38.0,Victualling,Scullion,S,,,"London, England"
0,Mr.,Hamblyn,Ernest,male,41.0,Victualling,Bedroom Steward,S,,,"Southampton, Hampshire, England"
0,Mr.,Hamilton,Ernest,male,25.0,Victualling,Assistant Smoke Room Steward,B,,,"Southampton, Hampshire, England"
0,Mr.,Harding,A.,male,20.0,Victualling,Assistant Pantry Steward,S,,,"Swaythling, Hampshire, England"
1,Mr.,Hardwick,Reginald,male,21.0,Victualling,Kitchen Porter,S,11,,"Southampton, Hampshire, England"
1,Mr.,Hardy,John,male,37.0,Victualling,Chief 2nd Class Steward,B,D,,"Southampton, Hampshire, England"
0,Mr.,Harris,Charles,male,19.0,Victualling,Saloon Steward,S,,,"Southampton, Hampshire, England"
0,Mr.,Harris,Clifford,male,16.0,Victualling,Bell Boy,S,,,"Southampton, Hampshire, England"
0,Mr.,Harris,Edward,male,18.0,Victualling,Assistant Pantryman Steward,S,,,"Winchester, Hampshire, England"
1,Mr.,Harrison,Aragon,male,40.0,Victualling,Saloon Steward,S,9,,"Southampton, Hampshire, England"
1,Mr.,Hart,John,male,31.0,Victualling,Third Class Steward,S,15,,"Southampton, Hampshire, England"
1,Mr.,Hartnell,Frederick,male,21.0,Victualling,Saloon Steward,S,11,,"Southampton, Hampshire, England"
0,Mr.,Hatch,Hugh,male,22.0,Victualling,Scullion,S,,,"Southampton, Hampshire, England"
0,Mr.,Hawkesworth,James,male,38.0,Victualling,Saloon Steward,S,,,"Southampton, Hampshire, England"
0,Mr.,Hawkesworth,William,male,38.0,Victualling,Deck Steward,S,,,"Southampton, Hampshire, England"
0,Mr.,Hayter,Arthur,male,44.0,Victualling,Bedroom Steward,B,,25.0,"Southampton, Hampshire, England"
0,Mr.,Heinen,Joseph,male,30.0,Victualling,Saloon Steward,S,,,"Lewisham, London, England"
0,Mr.,Hendy,Edward,male,38.0,Victualling,Saloon Steward,B,,,"Southampton, Hampshire, England"
0,Mr.,Hensford,Herbert,male,29.0,Victualling,Butcher,S,,,"Southampton, Hampshire, England"
0,Mr.,Hewett,Thomas,male,37.0,Victualling,Bedroom Steward,B,,168.0,"Liverpool, Lancashire, England"
0,Mr.,Hill,H.P.,male,36.0,Victualling,Steward,S,,,"Southampton, Hampshire, England"
0,Mr.,Hill,James,male,38.0,Victualling,Bedroom Steward,B,,152.0,"Southampton, Hampshire, England"
0,Mr.,Hinckley,George,male,35.0,Victualling,Bath Steward,S,,66.0,"Southampton, Hampshire, England"
0,Mr.,Hine,William,male,36.0,Victualling,Baker,S,,,"Southampton, Hampshire, England"
0,Mr.,Hiscock,S.,male,22.0,Victualling,Plate Steward,S,,,"Southampton, Hampshire, England"
0,Mr.,Hoare,Leonard,male,21.0,Victualling,Saloon Steward,B,,,"Southampton, Hampshire, England"
0,Mr.,Hogg,Charles,male,37.0,Victualling,Bedroom Steward,S,,,"Liverpool, Lancashire, England"
0,Mr.,Hogue,E.,male,22.0,Victualling,Plate Steward,S,,,"London, England"
0,Mr.,Holland,Thomas,male,28.0,Victualling,Reception Steward,B,,,"Liverpool, Lancashire, England"
0,Mr.,Holloway,Sidney,male,20.0,Victualling,Clothes Presser,S,,273.0,"Southampton, Hampshire, England"
0,Mr.,Hopkins,F.,male,16.0,Victualling,Plate Steward,S,,,"Southampton, Hampshire, England"
0,Mr.,House,William,male,38.0,Victualling,Saloon Steward,B,,,"Southampton, Hampshire, England"
0,Mr.,Howell,Arthur,male,31.0,Victualling,Saloon Steward,B,,319.0,"Itchen, Hampshire, England"
0,Mr.,Hughes,William,male,33.0,Victualling,Steward,S,,,"Southampton, Hampshire, England"
0,Mr.,Humby,Frederick,male,16.0,Victualling,Plate Steward,S,,237.0,"Southampton, Hampshire, England"
0,Mr.,Humphreys,Thomas,male,31.0,Victualling,Assistant Saloon Steward,S,,,"Southampton, Hampshire, England"
0,Mr.,Hutchinson,James,male,29.0,Victualling,Vegetable Cook,S,,250.0,"Liverpool, Lancashire, England"
1,Mr.,Hyland,Leo,male,19.0,Victualling,Steward,S,11,,"Southampton, Hampshire, England"
0,Mr.,Ide,Harry,male,32.0,Victualling,Bedroom Steward,S,,,"Southampton, Hampshire, England"
0,Mr.,Ingrouille,Henry,male,21.0,Victualling,Steward,S,,,"Southampton, Hampshire, England"
0,Mr.,Ings,William,male,20.0,Victualling,Scullion,S,,,"Southampton, Hampshire, England"
0,Mr.,Jackson,Cecil,male,29.0,Victualling,Boots,B,,,"Southampton, Hampshire, England"
0,Mr.,Janaway,William,male,35.0,Victualling,Bedroom Steward,B,,,"Southampton, Hampshire, England"
0,Mr.,Jenner,Harry,male,41.0,Victualling,Saloon Steward,B,,,"Southampton, Hampshire, England"
0,Mr.,Jensen,Charles,male,25.0,Victualling,Saloon Steward,S,,,"Southampton, Hampshire, England"
1,Miss,Jessop,Violet,female,24.0,Victualling,Stewardess,S,16,,"London, England"
0,Mr.,Johnson Thorne,Harry,male,25.0,Victualling,Assistant Ship's Cook,S,,,"Southampton, Hampshire, England"
1,Mr.,Johnston,James,male,41.0,Victualling,Saloon Steward,B,2,,"Southampton, Hampshire, England"
0,Mr.,Jones,Albert,male,17.0,Victualling,Saloon Steward,S,,,"Southampton, Hampshire, England"
0,Mr.,Jones,Arthur,male,38.0,Victualling,Plate Steward,S,,,"Woolston, Hampshire, England"
0,Mr.,Jones,H.,male,29.0,Victualling,Roast Cook,S,,,"Alresford, Essex, England"
0,Mr.,Jones,Reginald,male,20.0,Victualling,Saloon Steward,S,,,"Southampton, Hampshire, England"
1,Mr.,Joughin,Charles,male,32.0,Victualling,Chief Baker,B,B,,"Southampton, Hampshire, England"
1,Mr.,Keen,Percy,male,28.0,Victualling,Saloon Steward,S,15,,"Southampton, Hampshire, England"
0,Mr.,Kelland,Thomas,male,21.0,Victualling,Library Steward,S,,,"Southampton, Hampshire, England"
0,Mr.,Kennell,Charles,male,30.0,Victualling,Hebrew Cook,S,,,"Southampton, Hampshire, England"
1,Mr.,Kerley,William,male,28.0,Victualling,Assistant Saloon Steward,S,A,333.0,"Salisbury, Wiltshire, England"
0,Mr.,Ketchley,Henry,male,30.0,Victualling,Saloon Steward,B,,,"Southampton, Hampshire, England"
0,Mr.,Kieran,James,male,32.0,Victualling,Chief 3rd Class Steward,S,,,"Southampton, Hampshire, England"
0,Mr.,Kieran,Michael,male,31.0,Victualling,Storekeeper,S,,,"Southampton, Hampshire, England"
0,Mr.,King,Alfred,male,18.0,Victualling,Lift Steward,S,,238.0,"Southampton, Hampshire, England"
0,Mr.,King,Ernest,male,28.0,Victualling,Clerk,S,,321.0,"Clones, Monaghan, Ireland"
0,Mr.,King,G.,male,20.0,Victualling,Scullion,S,,,"Southampton, Hampshire, England"
0,Mr.,Kingscote,William,male,43.0,Victualling,Saloon Steward,S,,,"Southampton, Hampshire, England"
0,Mr.,Kirkaldy,Thomas,male,37.0,Victualling,Bedroom Steward,S,,,"Southampton, Hampshire, England"
0,Mr.,Kitching,Arthur,male,30.0,Victualling,Saloon Steward,S,,,"Southampton, Hampshire, England"
0,Mr.,Klein,Herbert,male,33.0,Victualling,Second Class Barber,S,,,"Southampton, Hampshire, England"
1,Mr.,Knight,George,male,44.0,Victualling,Saloon Steward,S,13,,"Woolston, Hampshire, England"
0,Mr.,Knight,Leonard,male,21.0,Victualling,Steward,S,,,"Bishopstoke, Hampshire, England"
0,Mr.,Lacey,Bert,male,21.0,Victualling,Assistant Saloon Steward,S,,44.0,"Salisbury, Wiltshire, England"
0,Mr.,Lake,William,male,35.0,Victualling,Saloon Steward,B,,,"Southampton, Hampshire, England"
0,Mr.,Lane,Albert,male,34.0,Victualling,Saloon Steward,S,,,"Woolston, Hampshire, England"
0,Mr.,Latimer,Andrew,male,55.0,Victualling,Chief First Class Steward,B,,,"Liverpool, Lancashire, England"
1,Miss,Lavington,Bessie,female,39.0,Victualling,Stewardess,S,11,,"Winchester, Hampshire, England"
0,Mr.,Lawrence,Arthur,male,25.0,Victualling,Saloon Steward,B,,90.0,"Rochford, Essex, England"
0,Mr.,Leader,Archie,male,22.0,Victualling,Confectioner,S,,,"Southampton, Hampshire, England"
1,Mrs.,Leather,Elizabeth,female,41.0,Victualling,Stewardess,S,16,,"Liverpool, Lancashire, England"
0,Mr.,Lefebvre,Paul,male,35.0,Victualling,Saloon Steward,S,,211.0,"Southampton, Hampshire, England"
0,Mr.,Leonard,Matthew,male,26.0,Victualling,Steward,B,,,"Belfast, Ireland"
0,Mr.,Levett,George,male,21.0,Victualling,Assistant Pantryman,B,,,"Southampton, Hampshire, England"
1,Mr.,Lewis,Arthur,male,27.0,Victualling,Steward,S,15,,"Southampton, Hampshire, England"
0,Mr.,Light,C.,male,23.0,Victualling,Plate Steward,S,,,"Christchurch, Dorset, England"
1,Mr.,Littlejohn,Alexander,male,40.0,Victualling,Saloon Steward,B,13,,"Southampton, Hampshire, England"
0,Mr.,Lloyd,Humphrey,male,32.0,Victualling,Saloon Steward,B,,57.0,"Southampton, Hampshire, England"
0,Mr.,Locke,A.,male,33.0,Victualling,Scullion,S,,,"Southampton, Hampshire, England"
0,Mr.,Longmuir,John,male,19.0,Victualling,Assistant Pantry Steward,S,,,"Eastleigh, Hampshire, England"
0,Mr.,Lovell,John,male,38.0,Victualling,Grill Cook,S,,,"Southampton, Hampshire, England"
1,Mr.,Lucas,William,male,34.0,Victualling,Saloon Steward,B,A,,"Southampton, Hampshire, England"
0,Mr.,Lydiatt,Charles,male,38.0,Victualling,Saloon Steward,S,,,"Southampton, Hampshire, England"
0,Mr.,Mabey,J.,male,23.0,Victualling,Steward,S,,,"Southampton, Hampshire, England"
1,Mr.,Mackay,Charles,male,34.0,Victualling,Saloon Steward,B,11,,"Southampton, Hampshire, England"
0,Mr.,Mackie,George,male,34.0,Victualling,Bedroom Steward,S,,,"Southampton, Hampshire, England"
0,Mr.,Major,Thomas,male,35.0,Victualling,Bath Steward,B,,,"Southampton, Hampshire, England"
0,Mr.,Mantle,Roland,male,36.0,Victualling,Steward,S,,,"Southampton, Hampshire, England"
0,Mr.,Marks,J.,male,26.0,Victualling,Assistant Pantryman Steward,S,,,"Southampton, Hampshire, England"
0,Mr.,Marriott,J.W.,male,20.0,Victualling,Assistant Pantryman Steward,S,,2.0,"Southampton, Hampshire, England"
1,Miss,Marsden,Evelyn,female,28.0,Victualling,Stewardess,S,16,,"Southampton, Hampshire, England"
1,Mrs.,Martin,Annie,female,33.0,Victualling,Stewardess,S,11,,"Portsmouth, Hampshire, England"
1,Mr.,Martin,F.,male,29.0,Victualling,Scullion,S,13,,"Fareham, Hampshire, England"
1,Mr.,Maynard,Isaac,male,31.0,Victualling,Entre Cook,B,B,,"Southampton, Hampshire, England"
0,Mr.,Maytum,Alfred,male,52.0,Victualling,Chief Butcher,B,,141.0,"Southampton, Hampshire, England"
0,Mr.,McCarthy,Frederick,male,36.0,Victualling,Bedroom Steward,S,,,"Southampton, Hampshire, England"
0,Mr.,McCawley,Thomas,male,36.0,Victualling,Gymnasium Steward,B,,,"Southampton, Hampshire, England"
0,Mr.,McElroy,Hugh,male,37.0,Victualling,Purser,S,,157.0,"Southampton, Hampshire, England"
0,Mr.,McGrady,James,male,27.0,Victualling,Saloon Steward,S,,330.0,"Southampton, Hampshire, England"
1,Mrs.,McLaren,,female,40.0,Victualling,Stewardess,S,5,,"Southampton, Hampshire, England"
1,Mr.,McMicken,Arthur,male,23.0,Victualling,Saloon Steward,B,11,,"Southampton, Hampshire, England"
0,Mr.,McMicken,Benjamin,male,21.0,Victualling,Second Pantry Steward,B,,,"Southampton, Hampshire, England"
0,Mr.,McMullin,James,male,31.0,Victualling,Saloon Steward,B,,,"Southampton, Hampshire, England"
0,Mr.,McMurray,William,male,43.0,Victualling,Bedroom Steward,B,,,"Southampton, Hampshire, England"
0,Mr.,Mellor,Arthur,male,34.0,Victualling,Saloon Steward,S,,,"Southampton, Hampshire, England"
0,Mr.,Middleton,M.V.,male,24.0,Victualling,Saloon Steward,S,,,"London, England"
1,Mr.,Mills,Christopher,male,51.0,Victualling,Butcher,S,C,,"Southampton, Hampshire, England"
0,Mr.,Mishellamy,Abraham,male,52.0,Victualling,Printer Steward,B,,,"Southampton, Hampshire, England"
0,Mr.,Moore,Alfred,male,39.0,Victualling,Saloon Steward,S,,,"Southampton, Hampshire, England"
0,Mr.,Morgan (Bird),Charles,male,42.0,Victualling,Assistant Storekeeper,S,,,"Birkenhead, Cheshire, England"
1,Mr.,Morris,Frank,male,28.0,Victualling,Bathroom Steward,B,14,,"Southampton, Hampshire, England"
0,Mr.,Moss,William,male,34.0,Victualling,First Saloon Steward,B,,,"Southampton, Hampshire, England"
0,Mr.,Mullen,Thomas,male,20.0,Victualling,Steward,S,,323.0,"Maxwelltown, Dumfries, Scotland"
1,Mr.,Neal,Henry,male,25.0,Victualling,Baker,S,13,,"Southampton, Hampshire, England"
0,Mr.,Nicholls,Sidney,male,39.0,Victualling,Saloon Steward,S,,,"Southampton, Hampshire, England"
0,Mr.,Nichols,A.,male,34.0,Victualling,Steward,S,,,"Southampton, Hampshire, England"
1,Mr.,Nichols,Walter,male,35.0,Victualling,Steward,S,15,,"Southampton, Hampshire, England"
0,Mr.,O'Connor,Thomas,male,39.0,Victualling,Bedroom Steward,B,,,"Southampton, Hampshire, England"
0,Mr.,Olive,Ernest,male,28.0,Victualling,Clothes Presser Steward,S,,,"Southampton, Hampshire, England"
0,Mr.,Orpet,Walter,male,31.0,Victualling,Saloon Steward,S,,,"Southampton, Hampshire, England"
0,Mr.,Orr,J.,male,40.0,Victualling,Assistant Vegetable Cook,S,,,"Southampton, Hampshire, England"
0,Mr.,Osbourne,William,male,32.0,Victualling,Saloon Steward,B,,,"Southampton, Hampshire, England"
0,Mr.,Owen,Lewis,male,49.0,Victualling,Assistant Saloon Steward,S,,,"Southampton, Hampshire, England"
0,Mr.,Pacey,Reginald,male,17.0,Victualling,Lift Steward,S,,,"Southampton, Hampshire, England"
0,Mr.,Paintin,James,male,29.0,Victualling,Captain's Steward,S,,,"Southampton, Hampshire, England"
0,Mr.,Parsons,Edward,male,35.0,Victualling,Chief Storekeeper,S,,,"Southampton, Hampshire, England"
0,Mr.,Parsons,Richard,male,18.0,Victualling,Saloon Steward,S,,,"Ashbrittle, Somerset, England"
0,Mr.,Pearce,Alfred,male,24.0,Victualling,Steward,S,,,"Southampton, Hampshire, England"
1,Mr.,Pearcey,Albert,male,32.0,Victualling,Steward,S,C,,"Southampton, Hampshire, England"
0,Mr.,Pennal,Thomas,male,33.0,Victualling,Bath Steward,S,,,"Shirley, Hampshire, Hampshire, England"
0,Mr.,Penny,William,male,30.0,Victualling,Assistant Saloon Steward,S,,,"Southampton, Hampshire, England"
0,Mr.,Penrose,John,male,49.0,Victualling,Bedroom Steward,B,,,"Southampton, Hampshire, England"
0,Mr.,Perkins,Laurence,male,22.0,Victualling,Telephone Steward,S,,,"Southampton, Hampshire, England"
0,Mr.,Perrin,William,male,39.0,Victualling,Boots Steward,S,,,"Southampton, Hampshire, England"
0,Mr.,Perriton,Hubert,male,31.0,Victualling,Saloon Steward,S,,,"Southampton, Hampshire, England"
0,Mr.,Petty,Edwin,male,25.0,Victualling,Bedroom Steward,S,,82.0,"Southampton, Hampshire, England"
1,Mr.,Pfropper,Richard,male,30.0,Victualling,Saloon Steward,S,9,,"Southampton, Hampshire, England"
1,Mr.,Phillimore,Harold,male,23.0,Victualling,Saloon Steward,B,14,,"Southampton, Hampshire, England"
0,Mr.,Phillips,John,male,25.0,Victualling,Telegraphist,B,,,"Godalming, Surrey, England"
0,Mr.,Platt,W.,male,18.0,Victualling,Scullion,B,,,"Southampton, Hampshire, England"
0,Mr.,Pook,P.,male,34.0,Victualling,Assistant Pantry,B,,,"Southampton, Hampshire, England"
1,Mr.,Port,Frank,male,32.0,Victualling,Steward,B,13,,"Southampton, Hampshire, England"
0,Mr.,Porteus,Thomas,male,32.0,Victualling,Butcher,B,,,"Southampton, Hampshire, England"
1,Mr.,Prentice,Frank,male,22.0,Victualling,Storekeeper,B,4,,"Southampton, Hampshire, England"
1,Mrs.,Prichard,Alice,female,33.0,Victualling,Stewardess,B,11,,"Southampton, Hampshire, England"
0,Mr.,Prideaux,John,male,23.0,Victualling,Steward,B,,,"Southampton, Hampshire, England"
1,Mr.,Prior,Harold,male,21.0,Victualling,Steward,B,11,,"Southampton, Hampshire, England"
0,Mr.,Proctor,Charles,male,40.0,Victualling,Chef,B,,,"Liverpool, Lancashire, England"
0,Mr.,Pryce,Charles,male,22.0,Victualling,Saloon Steward,S,,,"Southampton, Hampshire, England"
1,Mr.,Pugh,Alfred,male,20.0,Victualling,Steward,S,14,,"Southampton, Hampshire, England"
0,Mr.,Puzey,John,male,35.0,Victualling,Saloon Steward,B,,,"Itchen, Hampshire, England"
0,Mr.,Randall,Frank,male,27.0,Victualling,Saloon Steward,S,,,"Southampton, Hampshire, England"
0,Mr.,Ransom,James,male,33.0,Victualling,Saloon Steward,B,,,"Bristol, Avon, England"
0,Mr.,Rattonbury,William,male,36.0,Victualling,Assistant Boots Steward,B,,,"Southampton, Hampshire, England"
1,Mr.,Ray,Frederick,male,32.0,Victualling,Saloon Steward,B,13,,"Southampton, Hampshire, England"
0,Mr.,Reed,Charles,male,43.0,Victualling,Bedroom Steward,S,,,"Southampton, Hampshire, England"
0,Mr.,Revell,William,male,31.0,Victualling,Saloon Steward,B,,,"Southampton, Hampshire, England"
0,Mr.,Rice,John,male,25.0,Victualling,Clerk,S,,64.0,"Crosby, Lancashire, England"
0,Mr.,Rice,John,male,25.0,Victualling,Steward,S,,,"Southampton, Hampshire, England"
0,Mr.,Ricks,Cyril,male,23.0,Victualling,Storekeeper,S,,100.0,"Southampton, Hampshire, England"
0,Mr.,Ridout,W.,male,29.0,Victualling,Saloon Steward,S,,,"Southampton, Hampshire, England"
0,Mr.,Rimmer,Gilbert,male,27.0,Victualling,Saloon Steward,S,,,"Southampton, Hampshire, England"
0,Mr.,Roberton,George,male,19.0,Victualling,Assistant Saloon Steward,S,,127.0,"Southampton, Hampshire, England"
0,Mr.,Roberts,Frank,male,36.0,Victualling,Third Butcher,B,,231.0,"Farnborough, Hampshire, England"
0,Mr.,Roberts,Hugh,male,40.0,Victualling,Bedroom Steward,S,,93.0,"Bootle, Lancashire, England"
1,Mrs.,Roberts,Mary,female,41.0,Victualling,Saloon Steward,S,16,,"Southampton, Hampshire, England"
1,Mrs.,Robinson,Annie,female,40.0,Victualling,Stewardess,S,11,,"Southampton, Hampshire, England"
0,Mr.,Robinson,James,male,30.0,Victualling,Saloon Steward,S,,151.0,"Southampton, Hampshire, England"
0,Mr.,Rogers,Edward,male,32.0,Victualling,Assistant Storekeeper,S,,282.0,"Southampton, Hampshire, England"
0,Mr.,Rogers,Michael,male,27.0,Victualling,Saloon Steward,S,,,"Winchester, Hampshire, England"
1,Mr.,Ross,Horace,male,36.0,Victualling,Scullion,S,13,,"Southampton, Hampshire, England"
0,Mr.,Rowe,Edward,male,31.0,Victualling,Saloon 1st Class Steward,B,,,"Southampton, Hampshire, England"
1,Mr.,Rule,Samuel,male,58.0,Victualling,Bathroom Steward,B,15,,"Southampton, Hampshire, England"
0,Mr.,Russell,Boysie,male,17.0,Victualling,Saloon Steward,S,,,"Southampton, Hampshire, England"
0,Mr.,Ryan,Tom,male,27.0,Victualling,Third Class Steward,S,,264.0,"Southampton, Hampshire, England"
1,Mr.,Ryerson,William,male,32.0,Victualling,Saloon Steward,S,9,,"Southampton, Hampshire, England"
0,Mr.,Samuel,Owen,male,41.0,Victualling,Saloon Steward,S,,217.0,"Southampton, Hampshire, England"
0,Mr.,Saunders,D.,male,26.0,Victualling,Saloon Steward,S,,,"Southampton, Hampshire, England"
1,Mr.,Savage,Charles,male,23.0,Victualling,Saloon Steward,S,11,,"Southampton, Hampshire, England"
0,Mr.,Scott,John,male,21.0,Victualling,Boots Steward,S,,,"Southampton, Hampshire, England"
0,Mr.,Scovell,Robert,male,42.0,Victualling,Saloon Steward,S,,,"Freemantle, Hampshire, England"
0,Mr.,Sedunary,Sidney,male,25.0,Victualling,Third Class Steward,S,,178.0,"Southampton, Hampshire, England"
0,Mr.,Shea,John,male,39.0,Victualling,Saloon Steward,B,,11.0,"Southampton, Hampshire, England"
0,Mr.,Slight,Harry,male,35.0,Victualling,Steward,S,,21.0,"Southampton, Hampshire, England"
0,Miss,Sloan,Mary,female,28.0,Victualling,Stewardess,S,,,"Belfast, Northern Ireland"
0,Mrs.,Slocombe,Maud,female,30.0,Victualling,Turkish Bath Stewardess,S,,,"London, England"
0,Mr.,Smillie,John,male,38.0,Victualling,Saloon Steward,B,,91.0,"Southampton, Hampshire, England"
0,Mr.,Smith,Charles,male,38.0,Victualling,Bed Room Steward,S,,329.0,"Southampton, Hampshire, England"
0,Mr.,Smith,F,male,20.0,Victualling,Assistant Pantryman Steward,S,,240.0,"Southampton, Hampshire, England"
0,Miss,Smith,Katherine,female,42.0,Victualling,Stewardess,S,,,"Southampton, Hampshire, England"
0,Mrs.,Snape,Lucy,female,22.0,Victualling,Stewardess,S,,,"Witley, Surrey, England"
0,Miss,Stap,Sarah,female,47.0,Victualling,Stewardess,S,,,"Birkenhead, Cheshire, England, England"
0,Mr.,Stone,Edmond,male,26.0,Victualling,First class Bedroom Steward,S,,41.0,"Southampton, Hampshire, England"
0,Mr.,Stone,Edward,male,30.0,Victualling,First class Bedroom Steward,S,,243.0,"Southampton, Hampshire, England"
0,Mr.,Talbot,George,male,27.0,Victualling,Steward,S,,150.0,"Southampton, Hampshire, England"
0,Mr.,Taylor,William,male,21.0,Victualling,Boots Steward,S,,36.0,"Southampton, Hampshire, England"
0,Mr.,Teuton,Thomas,male,32.0,Victualling,Saloon Steward,S,,226.0,"Southampton, Hampshire, England"
0,Mr.,Toshack,James,male,30.0,Victualling,First Class Saloon Steward,S,,,"Southampton, Hampshire, England"
0,Mr.,Turner,Leopold[24],male,28.0,Victualling,First Class Saloon Steward,B,,23.0,"Church Stretton, Shropshire, England"
0,Mr.,Veal,Thomas,male,38.0,Victualling,First Class Saloon Steward,S,,,"Southampton, Hampshire, England"
0,Mr.,Wake,T.,male,32.0,Victualling,Asst. Baker,S,,,"Southampton, Hampshire, England"
0,Mrs.,Wallis,Catherine,female,35.0,Victualling,Second Class Matron,S,,,"Southampton, Hampshire, England"
0,Mr.,Walpole,James,male,48.0,Victualling,Chief Pantryman,B,,,"Southampton, Hampshire, England"
0,Miss,Walsh,Catherine,female,32.0,Victualling,Stewardess,S,,,"Southampton, Hampshire, England"
0,Mr.,Ward,Edward,male,34.0,Victualling,First Class Bedroom Steward,S,,,"Southampton, Hampshire, England"
0,Mr.,Ward,Percy,male,38.0,Victualling,First Class Bedroom Steward,S,,,"Hampshire, England"
1,Mr.,Ward,William,male,36.0,Victualling,First Class Saloon Steward,S,9,,"Southampton, Hampshire, England"
0,Mr.,Wareham,Robert,male,36.0,Victualling,First Class Bedroom Steward,S,,246.0,"Southampton, Hampshire, England"
0,Mr.,Warwick,Thomas,male,35.0,Victualling,First Class Bedroom Steward,S,,,"Hampshire, England"
0,Mr.,Weatherston,Thomas,male,24.0,Victualling,First Class Bedroom Steward,B,,,"Liverpool, Lancashire, England"
1,Mr.,Weikman,Augustus,male,51.0,Victualling,First Class Barber,S,A,,"Southampton, Hampshire, England"
0,Mr.,White,Arthur,male,37.0,Victualling,Third Class Barber,S,,247.0,"Portsmouth, Hampshire, England"
0,Mr.,White,Edward,male,27.0,Victualling,Glory Hole Steward,S,,272.0,"Southampton, Hampshire, England"
0,Mr.,White,L.,male,32.0,Victualling,First Class Saloon Steward,S,,,"Southampton, Hampshire, England"
1,Mr.,Whiteley,Thomas,male,18.0,Victualling,First Class Saloon Steward,S,B,,"London, England"
0,Mr.,Whitford,A.H.,male,37.0,Victualling,Second Class Saloon Steward,S,,,"Southampton, Hampshire, England"
0,Mr.,Whittman,Henry,male,34.0,Victualling,First Class Bedroom Steward,S,,315.0,"Southampton, Hampshire, England"
1,Mr.,Widgery,James,male,37.0,Victualling,Second Class Bath Steward,S,9,,"Southampton, Hampshire, England"
1,Mr.,Wildebank,Alfred,male,39.0,Victualling,Asst. Cook,S,13,,"Southampton, Hampshire, England"
1,Mr.,Williams,Walter,male,28.0,Victualling,Second Class Saloon Steward,S,13,,"Southampton, Hampshire, England"
0,Mr.,Willis,William,male,66.0,Victualling,Third Class Steward,S,,,"Southampton, Hampshire, England"
0,Mr.,Wiltshire,W.,male,33.0,Victualling,Asst. Butcher,S,,,"Southampton, Hampshire, England"
1,Mr.,Witter,James,male,31.0,Victualling,Second Class Smoking Room Steward,S,11,,"Hampshire, England"
0,Mr.,Wood,J.T.,male,40.0,Victualling,Second Class Saloon Steward,S,,,"London, England"
0,Mr.,Wormald,Frederick,male,36.0,Victualling,First Class Saloon Steward,S,,144.0,"Southampton, Hampshire, England"
0,Mr.,Wrapson,Frederick,male,19.0,Victualling,Asst. Pantryman,S,,,"Southampton, Hampshire, England"
0,Mr.,Wright,Frederick,male,24.0,Victualling,Squash Court Steward,S,,,"London, England"
1,Mr.,Wright,William,male,40.0,Victualling,Glory Hole Steward,S,13,,"Southampton, Hampshire, England"
1,Mr.,Yearsley,Harry,male,38.0,Victualling,First Class Saloon Steward,S,9,,"Southampton, Hampshire, England"
